lawyer_id,case_type,case_duration_months,outcome,client_satisfaction,complexity_score,year
1,Tax Law,21,won,3.758611396771098,7.698246866589599,2021
1,Tax Law,21,won,4.207443063460278,2.0284057005011897,2023
1,Tax Law,11,won,4.84592046359697,5.191301100869318,2022
1,Tax Law,17,won,4.174136448273135,1.295620032190945,2022
1,Tax Law,7,won,3.331026634855948,1.3049124422193548,2020
1,Tax Law,11,won,4.26452857583906,1.1178501092950026,2020
1,Tax Law,17,won,4.92214063493891,2.3379645497780164,2021
1,Tax Law,8,lost,3.004390020662485,6.358465155880394,2020
1,Tax Law,19,won,3.4198111861911715,9.082488604966423,2023
1,Tax Law,17,won,3.07309933569619,5.248602505989993,2023
1,Tax Law,1,won,4.551055233390021,5.079599512732249,2021
1,Tax Law,17,won,3.801526121750652,6.036762981773961,2022
1,Tax Law,8,won,4.723571242027035,9.515039159202695,2023
1,Tax Law,19,won,4.287999086478031,4.678607539882868,2022
1,Tax Law,18,lost,3.733987520023047,4.671860458283602,2020
1,Tax Law,23,won,4.343785487197457,1.1773948397892773,2021
1,Tax Law,5,won,3.3570893241086672,6.874714970666872,2022
1,Tax Law,3,won,3.486344381998908,7.500402386700932,2023
1,Tax Law,16,won,3.79436705923691,7.012766229135815,2020
1,Tax Law,23,won,4.79267163704224,1.1170173115966242,2022
1,Tax Law,21,won,3.053064407747639,2.632918915808176,2023
1,Tax Law,18,won,4.78534342215395,8.356992055645968,2023
1,Tax Law,2,won,3.7261184243901813,1.308052997384762,2023
1,Tax Law,6,won,4.547669046402681,4.2648210519935095,2020
1,Tax Law,20,won,4.94909453039774,8.017828973092277,2020
1,Tax Law,14,lost,2.9421309053876286,2.6389642493942493,2021
1,Tax Law,14,won,4.483373888457331,7.289612678448139,2020
1,Tax Law,22,won,4.290108335538659,4.795335410979536,2021
2,Civil Rights,5,won,3.0367813530949332,9.228689259044492,2020
2,Civil Rights,9,won,3.548110441374412,5.9876020226421405,2020
2,Civil Rights,12,won,3.412842543521206,1.0989624579263242,2020
2,Civil Rights,6,won,4.464369156918124,3.25657594505438,2020
2,Civil Rights,7,won,4.146588756358801,8.542962668604662,2020
2,Civil Rights,14,won,3.09393193355011,2.4965503188047147,2022
2,Civil Rights,21,won,4.206304218932776,3.2081419871318886,2020
2,Civil Rights,11,won,3.7113454329298983,7.471413146658209,2022
2,Civil Rights,22,won,3.9521008043981993,6.973040488263833,2021
2,Civil Rights,1,won,3.53982244478439,5.858585010173741,2022
2,Civil Rights,11,won,4.692815698629115,9.597126814511311,2022
2,Civil Rights,2,won,3.2131965062675434,1.6762400356222789,2020
2,Civil Rights,11,won,4.196572116536309,5.13713361485018,2022
2,Civil Rights,5,won,3.0046787812515565,9.709294493863778,2021
2,Civil Rights,19,won,3.629193113618822,8.266872266350852,2020
2,Civil Rights,10,won,4.381120464891281,5.691706006722125,2023
2,Civil Rights,19,won,4.464449772819123,8.259050330753048,2022
2,Civil Rights,16,won,4.698391303130639,3.2470120797326736,2020
2,Civil Rights,9,won,4.8881186793732265,1.354841302316553,2021
2,Civil Rights,17,won,3.361150690254667,6.111507074973665,2021
2,Civil Rights,15,won,4.39484053449368,3.676141066352957,2023
2,Civil Rights,23,won,4.590683675918195,7.7055809330819836,2023
3,Employment Law,10,won,4.289093301251644,6.851506153989053,2023
3,Employment Law,13,won,3.1539064032584183,7.266598982903258,2023
3,Employment Law,23,won,3.1307126815978847,3.837613040475493,2020
3,Employment Law,22,won,3.63750500586414,6.633022387933082,2023
3,Employment Law,12,won,3.4659189495072678,1.2196070340088423,2021
3,Employment Law,23,lost,2.370945819153445,4.455675009277532,2023
3,Employment Law,7,lost,2.0189708672569964,1.4741545237950573,2020
3,Employment Law,21,won,3.9595626537130095,6.22681486504595,2023
3,Employment Law,10,lost,2.1833986702228603,4.027334174455799,2023
3,Employment Law,17,lost,2.2209482262627893,4.191599418766989,2021
3,Employment Law,18,lost,2.46721550209982,1.378838706727257,2020
3,Employment Law,15,lost,2.8555462674717247,4.4589398244371345,2023
3,Employment Law,5,won,4.572690028831104,1.8046990208103355,2021
3,Employment Law,14,lost,3.201596892884396,9.133515704577434,2021
3,Employment Law,20,won,3.129972818965788,4.614222127829387,2020
3,Employment Law,21,won,4.661285035501249,2.0830488583149633,2022
4,Property Law,9,won,3.3728765242885093,8.01626026210078,2021
4,Property Law,22,lost,3.938205260281623,8.954072964670832,2022
4,Property Law,17,won,3.3477904984389744,4.566178170123929,2021
4,Property Law,17,won,3.30779181267971,8.34249812491556,2021
4,Property Law,15,won,3.0697303204676496,9.05429297105056,2020
4,Property Law,9,won,3.7823395321607594,3.4566343737068346,2020
4,Property Law,2,lost,3.7242552345309012,8.285644672523903,2023
4,Property Law,11,lost,2.1739735198228205,4.676078917636288,2022
4,Property Law,5,won,3.097567163346346,5.793422674606859,2020
4,Property Law,13,won,4.788959861936135,9.923278016305433,2021
4,Property Law,19,won,4.649361931850298,4.1302828711197375,2021
5,Tax Law,13,won,4.4678198379074034,5.691342809623734,2023
5,Tax Law,1,won,3.314681319405052,2.4436009479706486,2020
5,Tax Law,21,won,4.360281543520601,6.5675024039366585,2021
5,Tax Law,5,won,4.761741518397857,8.846591749707088,2022
5,Tax Law,10,lost,2.2577397349468904,4.016069688332277,2021
5,Tax Law,18,lost,3.6359340482381244,8.489207601619677,2020
5,Tax Law,2,won,3.5740762663498256,6.55234226538168,2020
5,Tax Law,8,won,3.5196071621283194,6.706051327896502,2023
5,Tax Law,16,won,3.213961277653917,7.849251122518252,2021
5,Tax Law,2,won,3.683744332077372,6.693597038205533,2021
5,Tax Law,22,won,4.874456974472903,7.19097150070732,2021
5,Tax Law,17,lost,3.541968585064271,7.3771480414236645,2021
5,Tax Law,18,won,4.7430736123047526,9.761400722596573,2020
5,Tax Law,3,won,4.18879171845709,4.452510343650596,2020
5,Tax Law,6,won,3.743667058477449,8.369070790213843,2022
5,Tax Law,2,won,3.547253332563332,9.9741205014194,2020
5,Tax Law,9,won,3.3272476423833384,8.153285938749365,2020
6,Personal Injury,2,won,4.545645560033609,3.0704831472829053,2022
6,Personal Injury,17,won,4.926473306880264,1.281720823727646,2020
6,Personal Injury,16,lost,3.7147201841849973,9.680684250431877,2022
6,Personal Injury,3,won,3.623903980990261,3.886684663943147,2021
6,Personal Injury,3,won,3.062268165769023,6.865001428382966,2023
6,Personal Injury,12,won,3.9464198133831143,9.713740851232496,2021
6,Personal Injury,21,won,3.307316076322225,5.083242711447544,2021
6,Personal Injury,3,lost,3.593595655728055,3.6475117600913007,2023
6,Personal Injury,3,lost,2.3709177493533087,5.1588756168909455,2021
6,Personal Injury,17,won,4.214612896525343,3.2278596004303766,2020
6,Personal Injury,22,won,4.163942803828798,3.4209406399158793,2023
6,Personal Injury,13,won,3.2991612853351313,5.181387369722291,2021
6,Personal Injury,14,won,4.9493997037413795,7.4969886513424155,2022
6,Personal Injury,1,lost,3.905297276077434,9.17036787686176,2022
6,Personal Injury,9,won,3.4840900317250547,9.879963339404318,2023
6,Personal Injury,22,won,4.236311468636238,7.322184734896935,2021
6,Personal Injury,18,lost,2.6529226164879836,5.6594047904624025,2020
6,Personal Injury,1,lost,3.6490280937936674,4.2202121583544425,2022
6,Personal Injury,7,won,3.4017181797245883,7.2387454674041285,2022
6,Personal Injury,23,won,4.340770916708824,9.563949769197942,2020
7,Corporate Law,9,lost,3.8724244924873794,1.4677415528632518,2023
7,Corporate Law,12,won,4.741938247492171,7.4267823891918505,2021
7,Corporate Law,15,lost,3.6296502274930242,1.7210336174620764,2023
7,Corporate Law,6,won,4.634595539924987,5.070864560664702,2022
7,Corporate Law,10,won,3.877214432979077,7.523439038866525,2023
7,Corporate Law,13,won,3.9585578571525746,6.541678197480185,2022
7,Corporate Law,4,lost,3.488558131189911,8.84649501075809,2020
7,Corporate Law,19,won,3.323345088293605,1.187750253623843,2022
7,Corporate Law,9,won,3.986553693567599,1.7337384059718404,2022
7,Corporate Law,22,lost,2.0613050044116124,3.3191459966009234,2023
7,Corporate Law,21,won,4.4543381395326165,7.684358690799829,2023
7,Corporate Law,12,won,4.5354477761335605,5.54360393703716,2021
8,Tax Law,9,won,3.877230838379181,7.527318943736229,2023
8,Tax Law,15,won,4.8014037280225175,4.795488341861098,2021
8,Tax Law,22,lost,2.718302059332463,4.454624366810167,2021
8,Tax Law,15,won,3.4715841879184195,7.984001863318865,2023
8,Tax Law,23,won,4.265081066452613,4.3556377347004105,2021
8,Tax Law,5,won,3.138265572373239,4.934488499351438,2021
8,Tax Law,15,won,4.185836799663564,6.214734094091507,2023
8,Tax Law,6,won,4.3042464910608755,3.8093325102680238,2023
8,Tax Law,5,won,3.0180608082591007,6.295713700065449,2023
8,Tax Law,13,won,3.4740557142166724,3.11206634435396,2021
8,Tax Law,14,won,3.661778725978344,5.038998164482628,2023
8,Tax Law,1,won,3.8988676704274754,6.290959339993482,2023
8,Tax Law,22,won,3.3352384325766353,1.3300428424018866,2020
8,Tax Law,12,won,3.9492617514996278,8.597534040722774,2023
8,Tax Law,15,won,4.736542561026518,2.8525708903309144,2020
8,Tax Law,14,won,3.11417371217863,5.780525752009288,2023
8,Tax Law,1,won,3.2442198280200536,5.069791254550918,2020
8,Tax Law,1,won,4.014469617376784,1.3741557314535289,2021
8,Tax Law,18,won,4.930237392872091,1.0444598284096864,2021
8,Tax Law,7,won,3.909479711267718,5.640364257213252,2021
8,Tax Law,6,won,3.279302509512626,1.2697623088541015,2020
8,Tax Law,18,won,3.4037069042458965,7.060891899924256,2021
8,Tax Law,23,won,4.345204236450252,4.993751973741141,2020
8,Tax Law,15,lost,3.3852519044523293,8.543037606832993,2021
8,Tax Law,18,won,3.4882945808447485,8.477894722075348,2022
8,Tax Law,12,won,3.226219638153146,8.159593345267629,2023
9,Employment Law,16,won,4.653677767423755,7.0027436529181655,2020
9,Employment Law,2,won,4.998827451541333,1.4339083497450043,2020
9,Employment Law,16,lost,3.504855525231145,1.8143352575834566,2022
9,Employment Law,4,won,4.301023295583431,7.886717781002062,2023
9,Employment Law,6,won,4.802751299176888,8.901020431371947,2022
9,Employment Law,11,won,3.7513445037634527,3.671823471042527,2022
9,Employment Law,15,won,4.260417496658288,6.4884862494882505,2022
9,Employment Law,1,won,3.475088261748655,4.35926612466406,2023
9,Employment Law,11,won,4.206897186762756,7.013915186995146,2021
9,Employment Law,9,won,3.7595715603584594,8.770002846146427,2023
10,Property Law,21,won,4.627532576639172,1.980265076620583,2020
10,Property Law,5,won,3.4921393175959965,5.290259275370433,2022
10,Property Law,6,lost,3.4937514322716456,7.43941816389347,2022
10,Property Law,23,won,3.861724183076067,9.070428608561102,2020
10,Property Law,4,lost,3.8540690895926133,1.5424065126060476,2020
10,Property Law,19,won,3.202841656898433,5.372845832676931,2023
10,Property Law,14,won,3.614579929852573,8.22723308049397,2022
10,Property Law,10,won,4.220667566621836,7.445356068008742,2020
10,Property Law,11,lost,2.246445308344332,8.734742139525302,2022
10,Property Law,7,won,3.59055657844062,8.140665323330536,2020
10,Property Law,4,won,3.849054850392724,1.7833506632889278,2021
11,Civil Rights,13,won,4.266302751188045,9.562630079859913,2022
11,Civil Rights,21,won,4.768412926696816,3.0527179475403923,2020
11,Civil Rights,10,won,4.800046246796022,4.180792413724463,2021
11,Civil Rights,4,won,3.549612071096272,8.403528866623105,2023
11,Civil Rights,18,won,4.5333122704008115,2.3473357116126197,2022
11,Civil Rights,15,won,3.47047116960397,8.823336621859472,2020
11,Civil Rights,17,won,3.3568919304555442,3.810446074439164,2022
11,Civil Rights,11,won,3.463894192231951,4.518153963149632,2020
11,Civil Rights,2,won,3.5490805080002508,6.373422252061225,2021
11,Civil Rights,22,won,3.891581829154458,7.520651662587563,2022
12,Employment Law,14,won,3.2082192987683325,7.51904935415867,2021
12,Employment Law,13,won,3.158838737977973,1.770924246367875,2020
12,Employment Law,9,won,3.6467431242310413,3.039907620042892,2020
12,Employment Law,13,won,4.038119581816541,1.6085130723299341,2020
12,Employment Law,21,won,3.54229487300037,6.335307924880804,2022
12,Employment Law,3,won,3.3806497256381354,1.471049882078575,2023
12,Employment Law,17,won,4.990960981408514,5.01717116077878,2023
12,Employment Law,12,won,3.177534788215537,9.654991623593318,2020
12,Employment Law,23,won,4.071655368946162,1.8700880468204766,2020
12,Employment Law,12,won,3.695143048477964,6.984205520384962,2023
12,Employment Law,13,won,3.2396580040352925,9.76748165765214,2021
12,Employment Law,8,lost,3.5371996095770166,3.1929104445747996,2021
12,Employment Law,6,won,3.51409453286416,8.091117894630385,2023
12,Employment Law,16,won,4.013676863640965,2.433736185570823,2020
12,Employment Law,1,won,3.4547146001921973,4.075070517072287,2020
12,Employment Law,9,won,4.019448493503396,8.427574974096071,2021
13,Employment Law,6,lost,3.8387839464288347,5.472671346152472,2021
13,Employment Law,20,won,3.4170210287146716,9.375356931795245,2021
13,Employment Law,13,won,3.76124658695316,8.901768884005627,2021
13,Employment Law,3,won,4.580060872614123,3.742112251882367,2020
13,Employment Law,3,won,3.347049029973017,7.254559800122156,2021
13,Employment Law,18,lost,3.281944154690664,8.40232507270925,2020
13,Employment Law,1,won,4.845514381026788,5.3835572693704234,2021
13,Employment Law,14,lost,2.349677254520825,5.523094688170982,2020
13,Employment Law,13,lost,2.735068844583063,1.6135507844694421,2021
13,Employment Law,15,won,4.926230223178347,5.945765823055153,2023
13,Employment Law,13,won,4.872898347767321,8.884946733382382,2020
13,Employment Law,6,won,3.0006650122409786,1.159190286519315,2021
13,Employment Law,19,won,3.7729216823182945,6.0799698161099425,2021
14,Corporate Law,11,won,4.508507088687726,6.575479762668289,2022
14,Corporate Law,19,lost,2.3413295170999966,1.6716683290337353,2023
14,Corporate Law,19,won,3.355532775702496,7.224562500123874,2020
14,Corporate Law,7,won,3.4577892096932272,3.093809847064129,2023
14,Corporate Law,20,won,4.311447345123312,8.632142967244611,2021
14,Corporate Law,20,won,3.8095968581703996,6.886682158347983,2022
14,Corporate Law,22,won,4.655075791133749,7.6025294250526185,2021
14,Corporate Law,23,lost,2.832307996359523,5.332097364717913,2021
14,Corporate Law,21,won,4.52057964624427,2.2339873515609914,2022
14,Corporate Law,13,won,3.0242415492877868,3.1708131183958734,2020
14,Corporate Law,5,won,4.919153288642066,5.390686395337262,2022
14,Corporate Law,11,won,3.9087546691199218,8.599213744656543,2022
14,Corporate Law,4,won,4.729320784280835,3.1913017156438053,2021
14,Corporate Law,9,won,4.228162622369473,8.736087084822511,2021
14,Corporate Law,13,won,3.2662900083561937,1.9193457669178429,2023
14,Corporate Law,1,won,4.617766923272656,1.6877517349424629,2020
14,Corporate Law,8,won,3.9229549292494683,6.7348132912745236,2021
14,Corporate Law,22,won,4.273339364334415,6.525402262840556,2023
14,Corporate Law,13,won,3.300338001634083,7.6369039184933705,2020
15,Immigration Law,8,won,3.169584032091606,7.4469104925641405,2020
15,Immigration Law,3,lost,2.024216950469775,9.60851258469532,2020
15,Immigration Law,14,won,4.9831768177405475,9.736749619036031,2022
15,Immigration Law,19,won,3.3482186706681687,1.8855608474205758,2021
15,Immigration Law,8,lost,2.530092856650008,1.1885046492782152,2023
15,Immigration Law,17,won,3.5908895549548405,7.923008330543203,2020
15,Immigration Law,15,lost,2.4113745243911104,2.092477763434658,2021
15,Immigration Law,9,won,4.287808507082262,5.772719199242425,2021
15,Immigration Law,10,lost,3.597428383309149,3.6353983303086825,2023
15,Immigration Law,13,won,4.1648453164144925,7.732658614865789,2023
15,Immigration Law,2,won,3.2561914927324,4.044407553950485,2023
15,Immigration Law,9,won,3.744334047675027,4.888691946497763,2023
15,Immigration Law,18,won,4.886151675489415,3.1662344064925447,2020
15,Immigration Law,19,lost,3.773849800418539,6.812297313896854,2022
16,Property Law,9,lost,3.088033158365503,6.724636873568426,2021
16,Property Law,8,won,4.496383811957995,6.020319029599629,2022
16,Property Law,11,won,3.6401196650419667,7.778686023220625,2020
16,Property Law,13,lost,2.3296296314588743,2.1855589610910573,2022
16,Property Law,18,won,3.427022732621344,5.552674236566461,2023
16,Property Law,22,won,4.084474410983697,6.313129214128956,2023
16,Property Law,22,won,4.130043985718032,7.199967718450816,2022
16,Property Law,5,won,3.320143269909146,5.154017269778109,2023
16,Property Law,12,lost,3.4529234302260097,9.926289562144271,2023
16,Property Law,10,won,4.315120625556046,3.7983603700679875,2020
16,Property Law,7,lost,3.2299564806822647,7.190956988919236,2023
16,Property Law,20,lost,3.0483183414523243,8.632430120176947,2021
16,Property Law,17,won,3.0220632285249316,7.745909360219994,2020
16,Property Law,11,won,4.512529315782905,8.577733343470378,2021
16,Property Law,5,lost,2.249428113822781,4.468382947426257,2023
16,Property Law,22,lost,3.1860886683735683,4.523731283600464,2020
17,Family Law,10,won,4.239178674919682,4.199437093972216,2020
17,Family Law,17,won,4.176404533896781,5.328756008975113,2021
17,Family Law,5,won,4.159967574856262,6.053361291635714,2023
17,Family Law,2,won,4.1987379313258675,6.419310796472329,2023
17,Family Law,17,won,4.272981302098308,2.3409976253431912,2023
17,Family Law,6,won,3.419683989712819,8.426176008995036,2022
17,Family Law,4,won,3.244753514650356,7.619550458387838,2020
17,Family Law,20,won,3.125084453794737,8.21230224237567,2022
17,Family Law,22,lost,3.285130399070383,4.791232479646649,2023
17,Family Law,15,won,3.2366723818467746,4.689144007266594,2021
17,Family Law,7,won,4.143744542454373,6.289924247759784,2020
17,Family Law,10,won,3.6690225774838643,1.235770376788583,2020
17,Family Law,22,won,3.546141619945625,5.662708896149339,2020
17,Family Law,19,won,3.5185935177315475,4.866911314650416,2022
17,Family Law,5,won,3.9618120015061393,4.916623593298211,2023
17,Family Law,6,won,4.262341291913413,1.4485782500464741,2022
17,Family Law,1,won,4.560426126860205,1.0632628343225723,2020
18,Employment Law,20,won,4.313910312534279,9.609531589751121,2021
18,Employment Law,10,won,3.5643741493864,3.355351153623154,2022
18,Employment Law,14,won,3.499092399699012,3.447547535157679,2021
18,Employment Law,13,won,3.5362780401910268,2.4074362396310316,2023
18,Employment Law,20,won,4.239398880398832,6.057935627201261,2020
18,Employment Law,1,won,4.543715452363243,1.7778214968629182,2022
18,Employment Law,11,won,4.926788868427101,6.041513651156578,2022
18,Employment Law,12,won,4.575426031055417,6.619829018245552,2020
18,Employment Law,18,lost,2.289930144759634,7.526401547960033,2020
18,Employment Law,19,won,3.6173974867463903,9.523323889648507,2023
18,Employment Law,9,won,3.0440703205950084,7.480072356968018,2022
18,Employment Law,7,won,4.367508211154085,5.905949754346297,2023
18,Employment Law,2,won,3.8079557526530965,5.882912230558806,2022
18,Employment Law,17,won,4.225800321723899,3.035323464309467,2021
18,Employment Law,21,won,3.2819192550435385,6.977691230548756,2020
18,Employment Law,2,won,4.723973816808544,5.141460380395957,2022
18,Employment Law,15,won,4.025005297540663,8.257632555095554,2021
18,Employment Law,19,lost,3.572556398768066,2.8122740392237695,2022
18,Employment Law,4,won,4.51350301137727,5.674472735535436,2023
18,Employment Law,15,won,4.759163709903058,8.835205825414063,2022
18,Employment Law,8,lost,3.96997931228175,7.948112286789914,2022
18,Employment Law,3,won,4.81844041172312,5.848316181574428,2023
18,Employment Law,7,won,4.313560209448588,8.39892844540203,2021
19,Immigration Law,19,won,3.3912185460890303,2.680509661957373,2023
19,Immigration Law,9,won,4.155186731762315,6.711241757952734,2022
19,Immigration Law,15,won,4.830180136814087,5.797259805215259,2021
19,Immigration Law,6,won,4.586522700876509,3.85085509360774,2022
19,Immigration Law,18,won,3.3377084133553723,5.56345993478897,2023
19,Immigration Law,8,won,4.787979420015741,6.8886329709246565,2022
19,Immigration Law,6,won,4.935511754206778,8.711865424675846,2020
19,Immigration Law,14,won,3.6393336648810894,9.895743904708688,2020
19,Immigration Law,21,lost,3.4503710960547815,3.9071007854759245,2023
19,Immigration Law,23,won,3.259652897903435,7.1817489790752616,2022
19,Immigration Law,20,won,4.780516106035604,1.7146592617872658,2020
19,Immigration Law,9,lost,3.6381270277233124,5.867143794869899,2022
19,Immigration Law,11,won,4.802592021549298,6.865011268357834,2020
19,Immigration Law,2,won,4.638510209742922,8.918397225565258,2021
19,Immigration Law,21,won,3.2258864168223473,1.7846152104864805,2020
19,Immigration Law,20,won,4.810719748555741,7.657041706540873,2021
19,Immigration Law,23,won,4.241857134956862,4.171374519486889,2020
19,Immigration Law,15,won,3.5079497491440494,1.2800403992562193,2020
19,Immigration Law,2,won,3.6298391772259353,1.0343542071191243,2022
19,Immigration Law,9,won,4.310564819383316,9.925683554510549,2022
20,Family Law,15,won,3.6106213533934626,2.913799387339865,2022
20,Family Law,21,lost,3.3063255810625662,9.444743366036343,2023
20,Family Law,9,won,4.576894686506598,6.984864131283957,2021
20,Family Law,6,won,4.341464623811668,6.04396567882396,2022
20,Family Law,14,won,3.9207165424038526,8.78107248570403,2023
20,Family Law,19,won,4.953600657021319,1.9964853399368412,2023
20,Family Law,8,won,4.479808241533861,9.262688969792356,2022
20,Family Law,19,won,4.945552645784172,8.434351464999146,2022
20,Family Law,20,lost,3.963597386521255,6.592100475281766,2020
20,Family Law,23,won,4.06535177352311,6.715801953187469,2023
20,Family Law,6,won,3.2404944530233513,1.6150684197903435,2020
20,Family Law,1,won,3.9375359309290117,3.711387346840003,2022
21,Property Law,14,won,4.486386397463207,1.4332855238051811,2023
21,Property Law,2,won,4.335609366452813,6.338994130966459,2020
21,Property Law,23,lost,3.0626330411361185,8.543369651967321,2023
21,Property Law,3,won,3.5355533509766683,8.102447619298584,2020
21,Property Law,5,won,3.504614499678813,2.982027712395836,2023
21,Property Law,9,won,4.819253638873185,7.022802366442706,2020
21,Property Law,1,won,3.0502839165545454,7.250054105176379,2023
21,Property Law,12,won,3.9288664724510856,2.2377139733531384,2022
21,Property Law,22,won,4.214179157437508,6.681767977827898,2023
21,Property Law,19,won,3.4748669367496126,5.611273997912116,2023
21,Property Law,12,won,3.9753341372425286,6.870018335909252,2021
21,Property Law,23,won,4.967680625710876,3.4206305124382395,2021
22,Criminal Law,18,won,3.7237061864102774,5.252440195058622,2021
22,Criminal Law,19,lost,2.5536286155826113,9.743794218109455,2020
22,Criminal Law,3,won,3.392195425476786,6.497020639681915,2020
22,Criminal Law,17,won,4.033145256891958,1.0495521924437874,2021
22,Criminal Law,8,won,3.0734427250016423,1.9722317871762223,2021
22,Criminal Law,21,won,4.144097286738601,5.614009533607748,2022
22,Criminal Law,9,won,3.794030082474383,1.7838349011619434,2020
22,Criminal Law,21,won,3.690446285603384,5.56670744846028,2020
22,Criminal Law,11,won,3.0897071360471373,5.055373170848206,2022
22,Criminal Law,1,won,3.779744705883088,7.568742779636306,2023
22,Criminal Law,21,lost,2.5163465083823384,7.071470676245945,2020
22,Criminal Law,7,won,4.908066255170081,7.4925410599565945,2020
22,Criminal Law,23,won,4.435144249463189,8.466288011787253,2020
22,Criminal Law,18,won,3.513388456620092,6.987628917802497,2020
22,Criminal Law,18,won,3.1845695841465145,6.366893669743315,2023
23,Personal Injury,12,won,3.160360028163807,4.192941626523858,2022
23,Personal Injury,9,won,4.292900180249214,8.99235157924106,2020
23,Personal Injury,18,won,3.277742652793034,2.041638460108348,2022
23,Personal Injury,20,won,4.275754185327267,7.668831252471207,2020
23,Personal Injury,16,won,4.982526453467266,8.380113662074205,2020
23,Personal Injury,3,won,3.8977061433494162,1.759531424900881,2022
23,Personal Injury,21,won,4.616045259813106,2.944462285105185,2020
23,Personal Injury,6,won,4.691208725979814,7.2324354400230275,2021
23,Personal Injury,13,won,3.550762348510837,3.756821489003914,2021
23,Personal Injury,12,won,4.596760681036705,8.401801363014506,2023
23,Personal Injury,9,won,3.8619704410265925,3.8698013648902494,2023
23,Personal Injury,22,won,4.411171725287649,7.195645166429232,2022
23,Personal Injury,5,won,4.291481020191225,1.403006054542014,2020
23,Personal Injury,20,won,3.679537654302236,5.6551544354289875,2021
23,Personal Injury,11,won,3.771749005790232,8.125482333352117,2022
23,Personal Injury,6,won,4.69427897938757,5.779768103967186,2023
23,Personal Injury,12,won,4.11937688967588,1.9473326667731115,2020
23,Personal Injury,5,won,3.4569734935095413,9.79706906191331,2022
23,Personal Injury,4,lost,2.198604405507386,2.87977663635166,2022
23,Personal Injury,10,won,3.7908685359858287,3.818856349631566,2020
23,Personal Injury,10,won,4.800166366032961,2.0452506418047305,2021
23,Personal Injury,3,won,4.776807344617362,6.426485888315154,2023
23,Personal Injury,13,won,4.21375468315386,2.3642586358289197,2020
23,Personal Injury,16,won,4.547077783069128,9.820980931723902,2020
23,Personal Injury,2,won,3.3366739118382602,3.22216684000827,2022
23,Personal Injury,10,won,4.653629947592838,7.381123518583286,2021
23,Personal Injury,14,won,4.354774643037434,3.115334933234426,2022
23,Personal Injury,19,won,3.330484100885206,6.2468598354814215,2020
23,Personal Injury,15,won,4.633513860239056,2.865781028688022,2020
24,Immigration Law,18,won,4.24681191631888,6.124396250640545,2021
24,Immigration Law,7,won,3.790275486528637,1.3551357960180939,2020
24,Immigration Law,22,won,3.4554994722064194,9.676259624489624,2020
24,Immigration Law,22,won,4.066773257530725,8.829722436829165,2020
24,Immigration Law,7,won,3.2496416279336966,8.147895962944649,2023
24,Immigration Law,12,won,4.939215453696191,9.542009287804964,2021
24,Immigration Law,12,lost,3.5092424431971834,5.4273799009515615,2022
24,Immigration Law,6,won,4.044888290810929,6.064405291201052,2022
24,Immigration Law,11,won,4.837469421212755,4.26041278388732,2020
24,Immigration Law,14,won,3.9119585515198736,4.991102527437137,2022
24,Immigration Law,4,won,4.613178684652554,5.288350454004634,2022
24,Immigration Law,20,won,3.0063356971614033,6.761784804036615,2020
24,Immigration Law,19,lost,2.623798160008561,3.304428085944589,2020
24,Immigration Law,14,won,3.4414909769055635,7.606267863303756,2021
24,Immigration Law,22,won,4.445413915396457,7.232791883833972,2021
24,Immigration Law,21,won,3.717431050834027,8.239934869115544,2023
24,Immigration Law,15,won,4.981092065540267,2.805859156633851,2021
24,Immigration Law,7,won,3.0046350958096277,1.3974574256004813,2023
24,Immigration Law,1,won,3.1380590817756993,1.0509923307661055,2023
24,Immigration Law,9,won,4.532231865591172,8.613292957099588,2021
24,Immigration Law,23,won,3.9752556193344217,1.6988440120444457,2023
24,Immigration Law,6,won,3.612274681759186,5.9421730264945545,2021
24,Immigration Law,13,won,4.395512552146859,1.0547987341585516,2022
24,Immigration Law,16,won,4.363497288180323,2.0163847841741016,2021
24,Immigration Law,16,won,3.956519768390447,2.3067686159619427,2021
24,Immigration Law,15,won,3.4222249423322726,8.770606901713016,2022
25,Intellectual Property,23,won,4.812222004264994,3.8934613112309377,2020
25,Intellectual Property,17,lost,3.280952084351688,9.81083003657328,2020
25,Intellectual Property,19,won,4.295634891981057,2.106286106188488,2020
25,Intellectual Property,10,won,4.171729576907039,6.623054765104622,2023
25,Intellectual Property,18,won,3.483863360631059,7.4255736925593085,2023
25,Intellectual Property,15,won,4.105001934815778,5.68152903079676,2020
25,Intellectual Property,8,lost,2.5428187608934287,5.470258805361519,2021
25,Intellectual Property,2,lost,3.4434431054343584,3.4439234267011813,2020
25,Intellectual Property,17,won,4.022258278474459,1.4216671767484281,2023
25,Intellectual Property,17,won,3.1253792432437315,8.554046431204021,2020
25,Intellectual Property,12,won,4.481808112304143,3.846431347563761,2022
25,Intellectual Property,11,won,3.540786572769051,8.584407119444993,2023
25,Intellectual Property,18,won,4.7837442896214695,4.904356776188766,2020
25,Intellectual Property,12,won,4.350280122299337,2.0442041321335234,2022
25,Intellectual Property,1,won,4.860341930876849,8.598238321652365,2022
25,Intellectual Property,23,won,3.508462767497391,8.879601038973545,2020
25,Intellectual Property,12,lost,2.259201302390884,7.0849740827297,2020
26,Criminal Law,19,won,4.268679479422408,9.995196233940677,2020
26,Criminal Law,16,won,3.770240239805,8.792381487001197,2022
26,Criminal Law,18,won,4.2688482905731675,7.937025564374918,2020
26,Criminal Law,9,won,3.3720460000113315,5.968624281880401,2023
26,Criminal Law,16,lost,2.7423232295714834,8.827868590135397,2021
26,Criminal Law,1,lost,3.5924811911257084,7.7862073143554404,2020
26,Criminal Law,8,won,4.303279520954553,7.647377123190976,2023
26,Criminal Law,12,lost,2.7902618152230065,7.41886194954356,2021
26,Criminal Law,21,won,3.5748191929311597,4.310073889805376,2020
26,Criminal Law,22,lost,3.0317238054246562,3.4083340905517434,2020
26,Criminal Law,13,won,3.758188097343872,4.0361099209218345,2021
26,Criminal Law,14,won,3.8272853498372705,5.43578126002702,2022
26,Criminal Law,12,won,4.190263349811363,1.0893143901505207,2022
26,Criminal Law,6,lost,3.524618064043877,5.0942700055682835,2023
26,Criminal Law,8,won,3.263036533832756,8.71416603870654,2021
26,Criminal Law,15,won,4.614311074729765,2.0818650620851864,2021
26,Criminal Law,21,won,3.683607410984365,7.651239020091628,2022
26,Criminal Law,12,won,3.0027072514309365,3.698204748087123,2023
27,Personal Injury,15,lost,3.35116018390052,5.9226692623424935,2023
27,Personal Injury,8,lost,2.4141898363531427,2.370950070964109,2023
27,Personal Injury,9,won,4.874756876328641,6.429626251434487,2020
27,Personal Injury,23,lost,3.34328456309206,6.23987883791408,2023
27,Personal Injury,5,lost,3.0614747105736715,6.858616016062654,2022
27,Personal Injury,22,lost,2.7313614965227426,3.0284314120608924,2023
27,Personal Injury,10,won,3.6302940782651065,3.4861359247763777,2020
27,Personal Injury,8,lost,3.812841927828874,2.47492921402434,2022
27,Personal Injury,17,won,4.894790499172894,4.036061269153212,2021
27,Personal Injury,15,won,3.1212578521329366,7.20999763578049,2021
27,Personal Injury,5,won,3.994624892337945,3.072258286394632,2023
27,Personal Injury,18,won,3.6038334001550036,7.84979475421488,2023
27,Personal Injury,21,won,4.924620405975569,6.588177311959372,2021
27,Personal Injury,18,lost,3.0937192819502526,2.6227714188050033,2022
27,Personal Injury,6,won,3.891083277483782,2.8826691886713505,2022
27,Personal Injury,17,won,4.962385058328231,8.138285865970655,2022
27,Personal Injury,12,won,4.921253951026399,2.7723313400808554,2022
27,Personal Injury,12,won,3.5190835663521804,4.932962970990587,2022
27,Personal Injury,6,won,4.244686529234492,9.83060053086065,2023
27,Personal Injury,2,lost,3.3966223144551453,4.556853336789732,2023
27,Personal Injury,23,lost,2.7855875516186868,8.687997157067812,2021
27,Personal Injury,15,won,3.4640796578022117,5.124111853535505,2020
28,Corporate Law,22,won,4.71041397003674,6.427578755534649,2020
28,Corporate Law,5,won,3.7539710838525604,5.96791271908649,2022
28,Corporate Law,10,won,3.643339979319097,8.632378806413357,2023
28,Corporate Law,22,won,3.8574040419728672,1.26252787280738,2022
28,Corporate Law,13,won,3.2370052471963033,3.5999644501824912,2023
28,Corporate Law,2,lost,3.986510030845928,1.4042016909605426,2020
28,Corporate Law,3,won,3.78491637245896,7.788384760123204,2022
28,Corporate Law,7,won,4.154245172076641,4.214090433704525,2021
28,Corporate Law,20,lost,3.1476825082090265,4.74043506316602,2020
28,Corporate Law,13,won,4.948744477358515,1.2476726662637376,2022
28,Corporate Law,9,won,3.4573888188007293,9.606880840487747,2021
28,Corporate Law,13,won,3.449780433631825,4.882425838966672,2023
28,Corporate Law,19,won,3.855003662656223,3.937045878387885,2022
28,Corporate Law,7,won,4.788188605066502,9.518108618353649,2023
28,Corporate Law,14,won,4.560731006013763,5.287021599709889,2022
28,Corporate Law,13,won,4.182260606517033,2.6752230797801313,2022
28,Corporate Law,14,won,3.4141516184217107,1.6404245665608954,2023
28,Corporate Law,3,won,4.01384087592367,4.684708646353165,2023
28,Corporate Law,4,won,4.387236114947591,7.940105342666979,2021
28,Corporate Law,2,won,4.7517661670341145,5.851850974624078,2023
28,Corporate Law,13,won,3.0751421807978145,2.150801211001758,2021
28,Corporate Law,22,won,3.7243525095974563,7.508154464942987,2023
28,Corporate Law,6,won,3.0201812133780495,4.9373373394738875,2023
28,Corporate Law,15,won,3.3822374189920055,3.7907608450847956,2022
28,Corporate Law,15,won,3.8318878091637103,7.831620453325382,2021
28,Corporate Law,5,won,4.425242666197025,8.351015198550725,2021
28,Corporate Law,16,won,4.8038803934983,8.260241677252653,2022
28,Corporate Law,22,won,3.7863904020558445,6.31574050595174,2020
28,Corporate Law,23,won,4.088993918207731,7.383887456253486,2022
29,Tax Law,9,won,3.5376934849056867,6.65590642677099,2021
29,Tax Law,4,won,4.898417253741025,6.6894354926781165,2022
29,Tax Law,6,won,4.561463706401802,7.376407277435176,2022
29,Tax Law,9,won,3.8976272914932117,2.4312250336623515,2022
29,Tax Law,6,won,4.841989042193152,7.251358845279569,2022
29,Tax Law,17,won,3.061715808616145,1.467057695665698,2020
29,Tax Law,6,won,4.330292388476811,2.415936520016454,2020
29,Tax Law,12,won,4.342110567719828,4.9179179930971255,2023
29,Tax Law,3,won,3.9650008404707213,5.560053840844712,2023
29,Tax Law,18,won,3.032123729962012,8.039541367821215,2022
29,Tax Law,1,won,4.940514219452114,4.938951953333831,2023
30,Civil Rights,1,lost,3.9340705505122924,1.46501849492165,2020
30,Civil Rights,16,won,4.725280942298358,2.6133005071701105,2023
30,Civil Rights,19,lost,2.793107363979926,2.185435257211842,2021
30,Civil Rights,4,lost,3.2500583721704115,3.8489469874108297,2021
30,Civil Rights,5,won,3.1417831517825707,3.81576844769617,2022
30,Civil Rights,16,won,4.963811396153078,6.6519404434368825,2023
30,Civil Rights,1,won,4.097717330154712,3.588694561393104,2022
30,Civil Rights,12,won,4.242584898099221,4.006449691018923,2020
30,Civil Rights,5,lost,2.136706400619917,8.053838582356965,2021
30,Civil Rights,9,won,4.370887766443803,3.992105414338408,2021
30,Civil Rights,7,won,4.888897165388607,6.775609575687024,2021
30,Civil Rights,23,lost,2.397984277918874,4.765004776920521,2021
30,Civil Rights,20,won,3.5557055521794245,3.4868719761926825,2021
30,Civil Rights,8,lost,2.135005093367644,5.668308949425355,2020
30,Civil Rights,5,won,4.957915014082208,5.999458816952742,2021
30,Civil Rights,9,lost,2.408881147899094,5.677338366050358,2022
30,Civil Rights,10,won,4.033579878256316,7.661452318853168,2021
30,Civil Rights,10,won,4.379557698496242,2.295477222150078,2022
30,Civil Rights,15,won,4.902846441691132,3.6756171127660027,2021
30,Civil Rights,19,won,4.247297556580532,6.836543381068194,2021
30,Civil Rights,22,won,4.930030738908943,3.2580374112199224,2021
30,Civil Rights,16,won,4.167113934649637,5.731805976032214,2022
30,Civil Rights,4,won,4.893467457846791,1.9531522396338188,2021
30,Civil Rights,22,won,4.878114191934374,1.06013916301499,2023
30,Civil Rights,2,won,3.747109602095364,1.4544004997116713,2020
30,Civil Rights,4,won,4.872534278826438,5.877910674007893,2022
30,Civil Rights,4,lost,3.4514518207282068,6.555241187638531,2023
30,Civil Rights,16,won,4.329989032475547,5.482363537511821,2022
31,Intellectual Property,21,won,4.829097327697118,4.90618875437883,2022
31,Intellectual Property,9,lost,2.8767699600615226,9.966360578723892,2023
31,Intellectual Property,9,won,3.4840441599617544,7.426474510403141,2023
31,Intellectual Property,21,won,4.754940093308964,7.648508356539097,2022
31,Intellectual Property,1,won,3.428812965986329,3.437256952332753,2023
31,Intellectual Property,11,lost,2.9178810331936407,7.594601273075487,2021
31,Intellectual Property,16,won,3.162298357072478,9.563416391591085,2021
31,Intellectual Property,19,lost,2.9870019843088165,3.5497428618243756,2023
31,Intellectual Property,10,won,4.027222093088649,3.2802145305369526,2022
31,Intellectual Property,19,won,4.541485061811104,4.8474608532108325,2020
31,Intellectual Property,7,won,3.537707028764387,4.31604027924921,2021
31,Intellectual Property,18,lost,3.5747740535046657,5.089108807608897,2020
31,Intellectual Property,6,lost,2.8552026674066746,4.98290963333271,2023
31,Intellectual Property,15,won,3.128012693217242,8.422689136123068,2021
31,Intellectual Property,13,lost,2.6020921556686263,5.523681183671174,2020
31,Intellectual Property,4,won,3.4200586990325634,3.5293427324292543,2022
31,Intellectual Property,18,won,3.817554522458264,9.316241833831596,2020
31,Intellectual Property,5,won,4.573044764781694,9.48278176768105,2021
31,Intellectual Property,13,lost,3.6529761803915246,5.015810988797893,2023
31,Intellectual Property,4,won,4.84912211075361,4.989758585654577,2021
31,Intellectual Property,21,won,4.485061665680843,1.6897222582772393,2023
31,Intellectual Property,23,lost,2.432120232489533,8.28391958456736,2020
31,Intellectual Property,10,won,3.747040353799375,3.4434887876368108,2023
31,Intellectual Property,21,lost,3.8071168868650607,1.6987669838990316,2020
31,Intellectual Property,22,won,4.043198792022716,8.150370702836415,2022
31,Intellectual Property,23,lost,2.923686962550221,4.730644583351131,2022
31,Intellectual Property,15,won,4.347290834949815,2.6132793016535265,2021
32,Corporate Law,23,won,3.8592171842647267,7.6656353400493344,2020
32,Corporate Law,6,won,4.578864388390382,3.671080138178655,2021
32,Corporate Law,17,won,3.828401851143661,7.591724783314017,2022
32,Corporate Law,10,won,4.269278512974761,6.239294268200187,2021
32,Corporate Law,11,won,3.490704628332422,1.5195894330260549,2021
32,Corporate Law,22,won,3.4391078464596037,9.638765224421098,2023
32,Corporate Law,9,lost,2.831550207046644,4.8604990008712985,2022
32,Corporate Law,8,won,4.404292192363659,2.5452451693490463,2021
32,Corporate Law,13,won,4.741053932538769,6.682770290965387,2023
32,Corporate Law,16,lost,3.211275778646823,2.054835151122101,2020
32,Corporate Law,17,won,3.412504227672305,4.526734358692234,2020
32,Corporate Law,17,won,4.902884057451362,7.988403723859163,2021
32,Corporate Law,3,lost,3.1213565898779,6.655838109531284,2023
32,Corporate Law,16,won,3.0199575533168987,7.510992961194208,2023
32,Corporate Law,22,won,4.686652335575767,5.365851939815862,2022
32,Corporate Law,7,won,3.90258822605851,2.6509797676309104,2021
32,Corporate Law,15,won,3.9326195122803402,1.6812975457880872,2021
32,Corporate Law,18,won,4.803548057092457,2.8312546824783626,2023
32,Corporate Law,6,won,3.778809877957751,5.87584867840807,2023
32,Corporate Law,20,lost,3.296636014904191,1.6669488031738036,2021
32,Corporate Law,22,won,3.866944465511269,9.974641185126554,2022
32,Corporate Law,3,won,3.4402226518095063,4.154684808575457,2023
32,Corporate Law,23,won,3.7391483988535463,5.178146677653024,2023
32,Corporate Law,11,won,4.858576804524119,4.413038834624041,2021
32,Corporate Law,17,won,3.7464823127584674,6.687898123565701,2021
32,Corporate Law,15,lost,2.0973153273234266,6.229135840375985,2020
32,Corporate Law,5,won,4.042146381016776,4.151826919816573,2023
32,Corporate Law,17,won,3.0292565177553517,2.8651806979199046,2023
32,Corporate Law,7,won,4.324967893883216,4.122663937611026,2021
33,Property Law,3,won,3.8663262226303328,7.968724146501357,2021
33,Property Law,22,won,4.516534584112119,3.76214061875113,2020
33,Property Law,22,won,3.7724239856340613,6.2965444164308995,2020
33,Property Law,2,won,3.849701685736174,9.170546624951808,2023
33,Property Law,16,won,3.1539433387617484,7.265405306241327,2023
33,Property Law,23,won,4.31902153728154,8.166173054872317,2023
33,Property Law,15,won,4.273523434088654,7.734095481987063,2020
33,Property Law,13,won,4.65183541463206,5.1680324245376035,2021
33,Property Law,4,won,4.647534791598246,1.568262636346522,2020
33,Property Law,4,lost,2.9230458551772136,9.849750911366206,2023
33,Property Law,5,won,4.495677148824144,2.355472928964466,2023
33,Property Law,22,won,3.067352807748928,8.912671953411229,2022
33,Property Law,14,lost,3.333694782611316,3.907246111786845,2023
33,Property Law,8,won,4.472457765057101,4.927776388566337,2020
33,Property Law,2,lost,3.4960094727428066,8.314422579037558,2020
33,Property Law,16,won,4.653304114921281,9.127843550888844,2020
33,Property Law,10,won,3.0114371627215784,5.192431779008122,2022
33,Property Law,13,won,3.260161339657894,1.2018330024584962,2022
33,Property Law,22,lost,3.1323613824501417,3.8150019028931865,2023
33,Property Law,22,won,3.02876289214417,7.8791804779278465,2021
33,Property Law,4,won,3.077876033375331,8.53407665047587,2022
33,Property Law,3,won,4.249228096229063,8.779899221815278,2021
33,Property Law,4,won,4.981358314131532,7.810571503617112,2022
33,Property Law,11,won,4.157680336071185,6.125360357550284,2022
33,Property Law,14,lost,2.7429718873188684,6.56674352846367,2022
33,Property Law,19,won,3.886118724660842,5.447329035740944,2021
34,Corporate Law,6,won,4.186316438078936,1.4801319729000793,2022
34,Corporate Law,23,won,4.727282842593232,1.990569557810037,2022
34,Corporate Law,5,won,3.1087814970446224,6.798310512857304,2020
34,Corporate Law,10,won,4.109375419560172,7.730149147834352,2022
34,Corporate Law,15,won,3.4083331183364862,1.3810805089514546,2021
34,Corporate Law,14,won,3.3394568571538463,1.17230381197153,2023
34,Corporate Law,11,won,3.9071579998456683,5.093851985225814,2023
34,Corporate Law,3,lost,3.2780643178298416,9.58181588066358,2020
34,Corporate Law,5,won,4.667583901837655,6.783198492912707,2021
34,Corporate Law,8,won,3.1898168825346924,6.346745025127412,2023
34,Corporate Law,8,won,3.4615893078530635,9.241050090354848,2023
34,Corporate Law,16,won,4.381359542296013,6.370987779655207,2023
34,Corporate Law,15,won,4.366907554815018,4.378969987011214,2022
34,Corporate Law,9,won,4.994475799807205,1.2702340479645353,2021
34,Corporate Law,23,won,4.237983129397176,9.466959697205509,2020
34,Corporate Law,20,won,3.6950141648503623,4.91854281558162,2023
34,Corporate Law,10,won,4.875930462867789,1.7659313750780683,2022
34,Corporate Law,7,won,3.4215862031000572,3.0642919933390513,2023
34,Corporate Law,10,won,3.149642410389946,4.946110437255204,2023
34,Corporate Law,8,lost,2.228863037224717,1.0783553235628922,2022
34,Corporate Law,14,won,4.261161883166185,2.9773611135226035,2023
34,Corporate Law,7,won,3.7311914020079335,4.183270179226605,2020
34,Corporate Law,5,won,3.3402308346185627,9.084142575579117,2021
34,Corporate Law,23,won,3.1971658540448247,8.463828107131835,2022
34,Corporate Law,5,won,3.956992232511924,8.025004241984924,2023
34,Corporate Law,3,won,3.006281812096244,2.568190614808416,2022
35,Tax Law,10,won,4.644762422370709,1.5128085429763145,2023
35,Tax Law,22,won,4.450012152598237,6.168588175811899,2022
35,Tax Law,17,lost,3.7244059473163773,3.8248794705022346,2022
35,Tax Law,13,won,4.978902261930113,9.005673799393868,2023
35,Tax Law,21,won,3.9787850748131772,7.67477306652438,2022
35,Tax Law,6,won,4.676460842163602,4.252634011604677,2022
35,Tax Law,16,lost,2.656466211356679,5.085909200797291,2020
35,Tax Law,8,won,3.3928384317440345,9.563003430967827,2020
35,Tax Law,13,won,4.158628933323875,5.406620158452203,2022
35,Tax Law,7,won,4.864645516457755,7.674423575066069,2022
35,Tax Law,6,won,4.709406900186395,2.4877205752416516,2022
35,Tax Law,13,won,3.8131135676162087,9.128717009509861,2023
35,Tax Law,8,lost,3.117531889248795,4.3405256441757825,2021
35,Tax Law,3,won,4.8777899200825505,9.045866845422648,2023
35,Tax Law,5,won,3.3502462802607065,7.0548815297122,2020
35,Tax Law,21,won,4.74814354661037,3.2470205746620713,2021
35,Tax Law,13,lost,3.7413380682510353,8.133353318882213,2023
35,Tax Law,17,won,3.3040971348489836,5.124912351288179,2022
35,Tax Law,8,won,4.841479300685271,1.3605320714562503,2021
35,Tax Law,15,won,4.8168691037587505,5.212621488108611,2020
35,Tax Law,16,lost,3.230507306564828,7.843818805142245,2022
35,Tax Law,7,won,4.870344173452986,4.382245142614776,2021
35,Tax Law,13,lost,3.3487993036279633,7.866040019989277,2023
35,Tax Law,8,won,3.453482368813889,7.030292840268101,2023
35,Tax Law,21,won,3.100486019645964,1.3142039739060143,2020
35,Tax Law,9,lost,3.678360789960597,2.4461162624066066,2022
36,Property Law,9,won,3.6720141179802175,5.191142875860516,2020
36,Property Law,8,won,3.5620995003337783,2.561464453195198,2020
36,Property Law,10,lost,2.784187153809145,7.756926842899501,2022
36,Property Law,1,lost,2.4738666498132975,7.096538168999855,2020
36,Property Law,6,lost,2.731771619113761,3.8624461529582685,2020
36,Property Law,22,lost,2.1750973280555614,3.5452101760344976,2022
36,Property Law,17,won,3.664411141894643,3.643983155569517,2023
36,Property Law,17,lost,3.306766996957361,2.7307890643026473,2023
36,Property Law,23,lost,3.1992551369198425,5.55697278418841,2021
36,Property Law,11,won,3.6795404845976876,5.100572407935264,2021
36,Property Law,9,lost,2.6937719527287713,4.920803114108589,2022
36,Property Law,3,won,3.2845104795536306,3.818468816467994,2023
36,Property Law,18,won,4.983392146744904,5.869026090348963,2023
36,Property Law,16,won,3.9056274284218335,2.786419671448142,2022
36,Property Law,16,won,4.420265281129074,3.4565499525833907,2022
36,Property Law,2,lost,2.3787868357696924,1.0452389734882281,2021
36,Property Law,20,lost,3.507736165419826,6.201020014246795,2022
36,Property Law,3,won,4.514096229397251,1.5004496951241455,2022
36,Property Law,9,won,4.327047187826905,4.700777399942912,2021
36,Property Law,18,lost,3.7911256962636775,9.182577376482271,2022
37,Intellectual Property,1,won,3.8801160930187972,7.5674071584768,2022
37,Intellectual Property,20,won,4.6618983421101365,2.079019841254409,2021
37,Intellectual Property,20,won,3.575890685351985,5.4353762607954215,2021
37,Intellectual Property,15,won,3.8676878457104884,2.4796497617099087,2020
37,Intellectual Property,6,won,4.804826066572207,4.09561917901917,2022
37,Intellectual Property,18,won,3.211706471755818,8.857174546267444,2023
37,Intellectual Property,3,won,3.821714183680993,6.045218281009438,2023
37,Intellectual Property,23,won,3.5078755438473923,8.019894942194899,2021
37,Intellectual Property,23,won,3.723082797508077,1.829511626251891,2021
37,Intellectual Property,9,won,4.791395926398745,8.05150072760731,2023
37,Intellectual Property,11,won,4.064583751902909,1.9293850798754357,2021
37,Intellectual Property,8,lost,2.5927152270265768,9.444841557861844,2021
37,Intellectual Property,9,won,3.063556968714649,8.038456923373825,2023
37,Intellectual Property,23,won,3.2314026363606043,1.245250107557336,2020
37,Intellectual Property,8,won,4.978863531559263,6.169930802849852,2020
37,Intellectual Property,22,won,4.795487133019451,7.706615458326529,2021
37,Intellectual Property,13,won,4.5878587717199295,2.424735100950529,2020
37,Intellectual Property,13,won,3.1693766837506137,5.200238087959676,2021
37,Intellectual Property,3,lost,2.442477392892128,4.428921463015599,2020
37,Intellectual Property,13,won,3.918248046573362,3.7295730176435464,2022
37,Intellectual Property,5,won,4.86749884600294,7.154798066518089,2020
37,Intellectual Property,15,won,3.951192383644017,4.669732945024591,2021
37,Intellectual Property,18,won,4.942301814736572,6.059699299580726,2021
37,Intellectual Property,7,lost,2.8353339916339895,2.047226366480463,2022
37,Intellectual Property,15,lost,3.323555464943277,1.6912274348297938,2022
38,Tax Law,16,won,3.093571689943537,3.876868497628563,2020
38,Tax Law,11,won,4.924522893218313,4.997037218466991,2023
38,Tax Law,14,won,3.5561990301327127,2.9526062127749158,2021
38,Tax Law,16,won,4.654604299474492,1.3772369504463178,2020
38,Tax Law,13,won,4.420229532674559,1.8615614926995758,2023
38,Tax Law,11,won,3.5246859335618916,3.817451305568322,2021
38,Tax Law,12,lost,3.8328410890641322,6.718729211757188,2020
38,Tax Law,10,won,3.6296516587032976,1.3874716244410172,2020
38,Tax Law,2,won,4.648943035209098,2.317926309425345,2020
38,Tax Law,14,won,3.2152283695197177,7.91315360542794,2021
38,Tax Law,18,won,3.4990061593654835,5.927243408760868,2020
38,Tax Law,20,won,3.4304089594663854,8.959196354101781,2022
38,Tax Law,11,won,4.42569199172191,7.270256002930737,2022
38,Tax Law,9,won,3.4217724553615763,8.714724913536298,2023
38,Tax Law,22,lost,2.2648092269929094,4.440270267797125,2022
38,Tax Law,10,won,3.0515391975287023,6.4317592585100885,2022
38,Tax Law,18,won,3.2407751575781782,9.446768051258173,2022
38,Tax Law,15,won,3.839697395372635,5.4720596665004395,2022
38,Tax Law,2,won,3.341872804841697,4.763303093465197,2020
38,Tax Law,10,lost,2.168255324518766,4.537935168034609,2022
38,Tax Law,14,lost,2.3192498028643342,4.020609456801205,2021
38,Tax Law,11,won,4.660301965995837,9.534263840110714,2022
38,Tax Law,2,won,4.852927595912369,4.776646445261293,2021
38,Tax Law,16,won,4.147899732138021,4.536055980038611,2020
38,Tax Law,16,lost,2.022605073178045,8.086347623343457,2022
38,Tax Law,10,won,4.176704441966306,4.579159729897492,2022
38,Tax Law,15,won,3.5429840050854224,9.138189622668087,2022
38,Tax Law,8,won,3.1863922391253894,4.694462146544991,2022
38,Tax Law,17,lost,2.4521581420211254,8.35574780991913,2020
39,Family Law,22,won,3.674908557928458,8.836196099116954,2021
39,Family Law,14,won,4.5049366751729885,1.4616446408309403,2023
39,Family Law,3,lost,2.9687823712016987,7.244250012706706,2023
39,Family Law,10,won,3.4171767354821014,3.667528061877551,2022
39,Family Law,20,won,4.467810754003739,4.119028838348928,2021
39,Family Law,16,won,3.342589915643341,8.44620899343531,2021
39,Family Law,23,won,4.6057024179910915,3.218679150741847,2021
39,Family Law,22,won,3.674621908302455,3.8072071498303472,2020
39,Family Law,19,won,4.2962100690682465,8.876062401022423,2022
39,Family Law,9,lost,3.091164243584133,1.9503239137897599,2020
39,Family Law,11,won,3.7209490102831078,7.041437427062193,2020
39,Family Law,13,lost,3.9851635909755267,2.4058135713753934,2022
39,Family Law,10,won,4.587636207816079,6.934806658737978,2020
39,Family Law,19,won,4.970349110181349,7.912048917818887,2022
39,Family Law,2,won,4.23754415408201,6.9882868757701395,2023
39,Family Law,14,lost,2.0470649888281978,4.866605775071597,2023
39,Family Law,23,lost,2.1990930256175503,6.428729490532008,2022
39,Family Law,17,lost,3.779826752725725,9.927664725147789,2020
39,Family Law,21,won,4.530726727716082,3.277237068282279,2023
39,Family Law,19,won,3.2519103927587167,9.81236399590554,2022
39,Family Law,3,lost,2.6486587547030362,7.08835374568544,2020
39,Family Law,17,lost,3.365064919075443,6.178232558161887,2021
39,Family Law,10,won,4.384708612308828,3.09999540384394,2020
39,Family Law,22,won,3.4374277778130784,1.5394897077517746,2023
39,Family Law,20,won,4.40276657111938,2.0209673539352506,2023
40,Civil Rights,2,won,3.8227491428251787,2.137477801651004,2021
40,Civil Rights,2,won,4.684031323013488,5.34442125769241,2021
40,Civil Rights,4,won,3.3492943717926593,3.6633882649295453,2022
40,Civil Rights,2,won,3.1008335472044184,9.013458887697395,2023
40,Civil Rights,7,won,4.000557070415521,1.6245467731376504,2021
40,Civil Rights,14,won,4.600412695367158,8.767081414605043,2021
40,Civil Rights,4,won,4.9829071356855845,7.541549479434138,2022
40,Civil Rights,4,won,4.210962501051891,3.770977438146245,2020
40,Civil Rights,18,won,4.162390847441913,3.2827199996263445,2020
40,Civil Rights,5,won,4.323669170227996,6.703404397889761,2021
40,Civil Rights,14,won,4.457556108901295,3.9117737123694236,2020
41,Intellectual Property,14,won,3.2691525342082155,1.8497700789443285,2020
41,Intellectual Property,12,won,4.299576093528599,1.9309070337443504,2023
41,Intellectual Property,14,won,3.236437244582177,1.0002764696084419,2022
41,Intellectual Property,19,won,3.2964349241986493,1.8288887877963083,2023
41,Intellectual Property,20,won,4.131489901226578,5.630151949659048,2021
41,Intellectual Property,22,won,4.332535722958077,9.89951978250248,2022
41,Intellectual Property,23,won,3.9600947546201715,2.2421393831804655,2023
41,Intellectual Property,15,won,4.953588745655172,4.642525574466928,2021
41,Intellectual Property,3,lost,3.7826364127205974,5.174328247549119,2022
41,Intellectual Property,15,won,3.6366081893846944,5.40132197776858,2023
41,Intellectual Property,16,won,3.2664198482732574,6.691566308189577,2022
41,Intellectual Property,12,won,4.386844256112618,7.305503467550064,2020
41,Intellectual Property,19,won,3.999917983929577,7.572242705766141,2020
41,Intellectual Property,13,won,3.0513792897388163,3.560872471092404,2023
41,Intellectual Property,13,won,4.699918661006411,2.766211450355491,2023
41,Intellectual Property,16,won,3.5645249408258657,3.682680854723405,2020
41,Intellectual Property,20,won,4.3038017311249215,8.491754650692275,2022
41,Intellectual Property,23,won,3.4674815840734885,6.739967276610324,2022
41,Intellectual Property,2,lost,2.996259887096085,7.203793708924213,2021
41,Intellectual Property,17,won,4.227275805978768,9.081417640993632,2023
41,Intellectual Property,20,won,4.460443435514499,4.283402231870188,2022
41,Intellectual Property,4,lost,2.379872272915122,7.315644464895315,2021
41,Intellectual Property,19,won,4.822678380157262,1.1884070604405994,2023
42,Family Law,22,won,3.60603501396406,9.698927648968741,2023
42,Family Law,17,won,4.3522100516287034,3.7651506566294843,2023
42,Family Law,23,lost,3.580029683119764,3.8618429620630144,2022
42,Family Law,22,lost,2.933456187535901,1.690505441675967,2021
42,Family Law,17,won,3.2126745946964546,2.027259723786689,2023
42,Family Law,15,won,3.904173193622732,9.872247887651852,2021
42,Family Law,15,won,4.23285635474374,5.1169875028289935,2021
42,Family Law,23,won,3.829920872159361,7.574432297340694,2020
42,Family Law,9,lost,2.361036456784847,3.362235266091381,2023
42,Family Law,6,won,4.736338590653008,3.676253781776251,2023
42,Family Law,2,won,3.0761726011986386,6.579717083867478,2021
42,Family Law,1,won,3.083928146887269,4.2728082302750465,2020
42,Family Law,19,won,3.5909358492535186,5.769733069192785,2022
42,Family Law,14,won,3.2967206745790336,2.548774292073638,2020
42,Family Law,15,won,4.739875665795378,4.343918601878869,2020
42,Family Law,16,won,3.6382469796409254,5.229238348302358,2020
42,Family Law,22,lost,2.9536777554662486,6.67083814175497,2021
42,Family Law,21,won,3.3903943291437653,7.106420517855231,2022
42,Family Law,23,lost,2.6513696041279067,4.547224421043653,2023
42,Family Law,22,won,3.939037330691267,4.803904304100625,2021
42,Family Law,10,lost,2.962555902438474,8.287075326393005,2021
42,Family Law,7,won,4.965042544512078,1.775189251573123,2022
42,Family Law,11,won,3.2643593155077433,4.9587007574245145,2023
42,Family Law,12,won,3.109130816565398,6.395150256928449,2022
42,Family Law,6,won,3.432665555261654,4.983196113395339,2022
43,Personal Injury,18,lost,2.5289436333343813,5.531922833606975,2023
43,Personal Injury,12,won,4.870756322614234,5.195046633926401,2022
43,Personal Injury,23,won,3.4947994941166916,8.796631923839632,2022
43,Personal Injury,19,won,4.251301578854553,6.144468845346495,2020
43,Personal Injury,5,lost,3.2087186394295424,7.873230424152885,2023
43,Personal Injury,7,lost,2.747616217734005,6.627969637338097,2022
43,Personal Injury,19,won,4.484587076340525,3.197454478445377,2022
43,Personal Injury,15,won,4.709611557598523,9.571737753969792,2022
43,Personal Injury,23,won,3.3883257380921643,5.269914042586615,2022
43,Personal Injury,13,won,4.106581279246,5.684044637487574,2022
43,Personal Injury,14,lost,3.9195820408097006,1.4382536355993678,2022
43,Personal Injury,2,won,3.37055370066708,5.871430998475103,2020
43,Personal Injury,10,won,4.891941779691199,8.579488389853429,2023
43,Personal Injury,18,won,3.3397741464381143,2.142499723794754,2021
43,Personal Injury,14,won,3.4916948849868006,4.2232574487623005,2022
43,Personal Injury,5,won,4.897961334094003,2.28300899529804,2020
43,Personal Injury,18,won,4.344779625597409,2.528853349640287,2023
43,Personal Injury,15,won,3.827357357970521,6.876756297171454,2023
43,Personal Injury,14,won,4.977079974091414,1.3728527993744897,2021
43,Personal Injury,16,won,4.9263180541301335,2.032782394724519,2020
44,Intellectual Property,20,won,3.3580632748831674,8.177626407668374,2021
44,Intellectual Property,13,won,3.950179745733536,9.30190855290512,2022
44,Intellectual Property,15,won,3.699875707141428,8.04183230991509,2022
44,Intellectual Property,14,won,4.923231614092331,7.5721900092208125,2023
44,Intellectual Property,19,won,4.479365795526216,6.510481891244852,2023
44,Intellectual Property,18,lost,3.620936434430932,3.453855825812362,2023
44,Intellectual Property,19,won,4.043768656315886,1.6117596983746334,2021
44,Intellectual Property,3,won,3.2799747534435255,4.742367112165699,2023
44,Intellectual Property,23,won,4.137104511209224,1.5325936467718764,2023
44,Intellectual Property,13,won,3.2660195978146573,2.428630870368786,2022
44,Intellectual Property,8,won,3.2551403491427418,4.681766337713886,2021
44,Intellectual Property,23,won,3.9676050797212943,4.765505800405002,2021
44,Intellectual Property,18,lost,3.1511868572801642,2.453120506578161,2020
44,Intellectual Property,13,won,3.44920488014977,1.622382109466511,2022
44,Intellectual Property,10,won,3.9460550066860414,1.3898374592888074,2022
44,Intellectual Property,9,won,4.48947345565842,4.7116275442107955,2020
44,Intellectual Property,16,won,3.2610091192748794,4.964852438856953,2023
44,Intellectual Property,21,won,3.12185744344144,7.2461567269516785,2021
44,Intellectual Property,18,won,3.831028126124132,9.172135804374768,2020
44,Intellectual Property,13,won,3.637379207981047,1.9420837348198001,2022
44,Intellectual Property,3,won,3.1218038661989866,1.2783779325420943,2023
44,Intellectual Property,13,won,3.5072255417194165,6.778778566171591,2020
45,Personal Injury,11,won,4.176187275210894,3.8446991545893767,2020
45,Personal Injury,19,won,4.223292838779985,3.661728063355186,2020
45,Personal Injury,19,won,3.3292410264730097,2.630546657650181,2023
45,Personal Injury,2,won,3.8719903611411715,6.3464451901013,2020
45,Personal Injury,9,won,3.163149851222732,1.7900941335234397,2021
45,Personal Injury,20,won,4.157955293108291,1.1314809739799458,2020
45,Personal Injury,15,won,3.7749025918450774,8.771319054215319,2020
45,Personal Injury,4,won,3.531995386185316,3.9950278206471594,2020
45,Personal Injury,23,lost,3.32513583547757,8.269460379833315,2022
45,Personal Injury,13,won,3.037890806748709,7.623261581967899,2020
45,Personal Injury,8,won,4.276977569598271,3.877688758669254,2023
45,Personal Injury,21,lost,2.001858833739922,9.129012646102366,2021
45,Personal Injury,13,lost,3.3497864061083096,3.151597456675267,2023
45,Personal Injury,7,won,3.6251960498166005,4.696143697092546,2022
45,Personal Injury,7,won,3.167449875690697,4.473455598432347,2021
45,Personal Injury,23,won,3.3027423425265496,2.3669755510296726,2023
45,Personal Injury,17,won,3.36491608130498,9.686886746911616,2021
45,Personal Injury,10,won,4.452222518689274,4.302652663064804,2022
45,Personal Injury,22,won,3.6265329531612207,6.724615783170031,2021
45,Personal Injury,19,won,4.0468143701349435,9.29362052716676,2023
45,Personal Injury,4,lost,3.5901160352122625,3.913577430493813,2022
45,Personal Injury,17,lost,3.315432294551907,6.77411710016495,2021
46,Property Law,16,lost,2.9723473082097662,1.9811225407683584,2023
46,Property Law,16,won,4.617652646983368,8.879397853563068,2022
46,Property Law,7,lost,3.714461874739582,7.881858553463862,2020
46,Property Law,18,lost,3.8900481291611375,7.1428643089044135,2020
46,Property Law,14,won,4.291450086702107,5.595133678556532,2022
46,Property Law,3,won,3.354254288396508,1.0462566482700426,2022
46,Property Law,21,lost,3.365305210088398,3.1206056607248356,2022
46,Property Law,20,lost,2.5788817899364167,8.048939091910109,2022
46,Property Law,1,won,4.1956799736913695,1.7376916117929597,2021
46,Property Law,3,won,3.3377169267407902,1.4827131236874775,2022
46,Property Law,16,lost,3.6981960399173524,4.45057426952433,2020
46,Property Law,10,lost,3.0978192632801433,2.702762131513194,2023
46,Property Law,17,won,3.9217966764131638,8.458380854362058,2023
46,Property Law,15,lost,2.2108027547929243,8.54968475713662,2022
46,Property Law,17,lost,2.6084837276543915,2.2532216013469855,2021
46,Property Law,14,won,3.6522157050251467,1.638243635391813,2022
46,Property Law,4,won,3.46614562378167,7.256687195890591,2021
46,Property Law,9,lost,2.2645758953020767,9.798309643105389,2020
46,Property Law,20,won,4.088514674030502,9.782009366940393,2021
46,Property Law,14,won,3.688183235698884,5.684894535743726,2021
46,Property Law,23,won,4.01104158344698,5.569820543697119,2021
46,Property Law,22,won,3.9480125318968904,5.06139952665803,2020
46,Property Law,20,won,3.844384467761356,8.06557528941788,2022
46,Property Law,18,lost,3.297494227790036,4.77072796401572,2020
46,Property Law,23,won,4.504228665393949,5.61587268074741,2021
46,Property Law,17,lost,3.9914689041026463,4.9173605169089845,2023
46,Property Law,19,won,3.1094654138499718,2.83817895731586,2020
46,Property Law,2,lost,2.000454076436511,9.235013839727745,2023
47,Family Law,6,won,4.465718374663662,8.885732304426003,2022
47,Family Law,1,lost,3.4111254232993824,3.7693253205085946,2020
47,Family Law,11,won,4.488057160695353,7.3990086575483005,2021
47,Family Law,4,won,4.835681766187106,1.9722606174242134,2021
47,Family Law,10,won,3.5490133470141565,6.621975768553451,2023
47,Family Law,13,won,4.478182843985906,7.178625487389272,2020
47,Family Law,15,won,4.546367002517517,7.044289686450334,2021
47,Family Law,4,won,4.977681082607326,5.349088682878916,2021
47,Family Law,6,won,3.497209769226613,5.845554813582619,2021
47,Family Law,18,won,3.194733787582442,7.357347971289965,2021
47,Family Law,15,lost,2.806961938053999,3.1127897955247414,2022
48,Civil Rights,6,won,4.983778391894983,9.562571757811956,2020
48,Civil Rights,15,won,3.3698405949342884,4.853396557271079,2020
48,Civil Rights,3,won,3.726545592797799,4.947827502214493,2022
48,Civil Rights,19,won,3.660311900631209,1.9612063360212728,2022
48,Civil Rights,18,won,3.5953005551365607,3.6825958105300374,2021
48,Civil Rights,15,won,4.566322861847395,2.102480757693903,2023
48,Civil Rights,12,won,3.0415160642479284,7.847973799043587,2020
48,Civil Rights,6,won,3.155713039217539,9.599033722942607,2022
48,Civil Rights,16,won,3.337620011569128,8.685485939276676,2023
48,Civil Rights,1,won,4.672841845971279,5.52219084786489,2020
48,Civil Rights,23,won,4.96158761082917,6.453335758728226,2023
48,Civil Rights,14,won,4.9050335793691975,7.790832243122145,2023
48,Civil Rights,19,won,4.4018707300359985,2.7484621390162127,2020
48,Civil Rights,6,won,4.309450696996886,4.700836604906687,2020
48,Civil Rights,21,won,3.802995221129753,8.138156841667508,2021
49,Tax Law,23,won,3.547976198939944,9.600845205398404,2023
49,Tax Law,1,lost,2.086200217896648,2.611854453953634,2023
49,Tax Law,5,won,3.28239812707437,7.8716425930139104,2020
49,Tax Law,6,won,3.76323299821827,7.9771108500915044,2021
49,Tax Law,3,won,3.3840321694800735,2.3141891736726627,2020
49,Tax Law,7,won,4.774937880425765,6.628901051499341,2021
49,Tax Law,9,lost,2.6695780837813583,3.823328122814406,2023
49,Tax Law,10,lost,2.2970135632873614,6.368203678721893,2023
49,Tax Law,17,won,3.851995038936856,9.70968542350344,2022
49,Tax Law,12,won,4.201890969075438,7.264718754103352,2022
49,Tax Law,17,won,3.3863200168168657,5.241774471167091,2021
49,Tax Law,4,won,4.0345869643045065,4.7179665795442975,2020
49,Tax Law,22,won,3.144553895146353,6.182072764969704,2022
49,Tax Law,5,won,3.7207880801082225,1.7836408501957737,2020
49,Tax Law,8,won,3.4141141667660655,5.895758001564707,2023
49,Tax Law,2,lost,2.794542945680919,3.2099556335004196,2023
49,Tax Law,17,won,3.2229753756775636,6.133685422632775,2021
49,Tax Law,11,won,3.480438866416771,4.993942051830206,2020
49,Tax Law,13,won,4.753227654031783,7.5598282403950705,2023
49,Tax Law,18,lost,2.4025275762689446,9.012129596161937,2020
49,Tax Law,18,won,4.004016395478365,6.248150411075824,2022
49,Tax Law,9,lost,2.6280876138368647,5.492790521571987,2023
50,Employment Law,20,won,3.974768883344086,7.222744517618368,2021
50,Employment Law,18,lost,3.658770300284749,2.713032775855428,2020
50,Employment Law,17,won,3.598464008602121,4.877724478440436,2023
50,Employment Law,11,won,4.592601326830264,8.49643653086795,2023
50,Employment Law,21,won,4.202768141377127,4.052982685526054,2023
50,Employment Law,22,won,3.790106675713592,1.4613711325839835,2021
50,Employment Law,16,won,3.900700771561586,7.740668357743587,2023
50,Employment Law,20,won,3.372839609707949,7.744324929804613,2022
50,Employment Law,14,won,3.5838223469956145,7.737478377236491,2020
50,Employment Law,3,won,4.934542380740595,7.4361251783519915,2022
50,Employment Law,12,won,3.950200681383441,9.081596945665172,2023
50,Employment Law,14,won,3.5043457549910597,5.020538218323765,2021
50,Employment Law,16,won,3.001886830535262,1.3533854648379422,2020
50,Employment Law,13,won,4.326621419008004,8.551897289196503,2023
51,Corporate Law,14,won,4.200502820199166,7.581255304126376,2021
51,Corporate Law,14,lost,3.1471265600534197,4.074770014215416,2020
51,Corporate Law,13,won,4.794794636643172,2.074429102043771,2023
51,Corporate Law,22,lost,3.1946247566614234,4.542719682496979,2022
51,Corporate Law,19,won,3.680008772119784,8.826847163309541,2022
51,Corporate Law,7,won,4.6950952661094725,2.6363588755360485,2023
51,Corporate Law,5,lost,3.4132082579884355,5.818129912554911,2022
51,Corporate Law,6,won,3.423491724104839,1.3734759295891572,2020
51,Corporate Law,6,lost,3.7158698279946574,7.002347027128127,2022
51,Corporate Law,23,won,4.438490401151664,9.37148682576295,2023
51,Corporate Law,2,won,3.105653372729444,7.534763663354655,2020
52,Criminal Law,19,won,3.964548000163087,1.5157927900943813,2021
52,Criminal Law,10,won,4.423555889981899,9.085197476508988,2021
52,Criminal Law,2,lost,2.242829811009944,7.4901912162114135,2021
52,Criminal Law,19,won,3.974424013843828,1.2228838981853607,2023
52,Criminal Law,8,won,3.5592726369864125,2.2273329472080925,2023
52,Criminal Law,20,won,3.5149579522874497,7.96977545145673,2021
52,Criminal Law,14,won,4.712002149786306,7.749583136221671,2021
52,Criminal Law,18,won,3.139438851667459,9.040642561791884,2022
52,Criminal Law,1,won,4.449392508523649,8.527740369218709,2020
52,Criminal Law,12,won,4.704424782403348,1.3684054993691084,2021
52,Criminal Law,18,won,3.1262127382310925,3.9214825165914537,2023
52,Criminal Law,6,lost,3.2283724886380227,3.129488044367566,2023
53,Civil Rights,20,won,4.674945039237549,3.1583795698593122,2022
53,Civil Rights,20,won,3.755988077252306,9.83063402914458,2020
53,Civil Rights,2,won,3.804614082764744,4.824581671561873,2022
53,Civil Rights,7,won,3.8757997742858246,8.595941247478223,2021
53,Civil Rights,5,won,3.0798450651275022,5.041706627213883,2021
53,Civil Rights,18,won,3.6648533843487305,3.8397986259682195,2020
53,Civil Rights,21,lost,2.198989337745929,7.899363502408464,2022
53,Civil Rights,4,lost,3.0332551837085506,3.561403440742129,2020
53,Civil Rights,19,won,4.370349026555561,3.610396253601879,2021
53,Civil Rights,22,won,3.339518402785653,1.8607662642134435,2021
54,Family Law,16,won,4.220726015636314,5.9176636679091885,2020
54,Family Law,3,won,4.704096831609386,6.032963185916123,2021
54,Family Law,2,won,3.032056312910246,9.673166698183442,2020
54,Family Law,12,lost,2.1594301463745698,7.148028571507419,2021
54,Family Law,12,lost,2.252230644750821,6.23549374726129,2023
54,Family Law,15,won,4.759675495882936,6.83814658021628,2021
54,Family Law,9,won,3.2625759440096482,3.787225399946702,2021
54,Family Law,7,won,4.520800134574966,7.087585320190055,2022
54,Family Law,4,won,4.512902175977824,5.267421512911717,2022
54,Family Law,5,won,4.991021936031733,5.052491293974317,2020
54,Family Law,7,won,3.4181947291792287,2.1731781703893898,2023
54,Family Law,4,won,4.677217775067924,8.277134807326513,2021
54,Family Law,12,won,3.7642658176519754,3.716284326964243,2020
54,Family Law,12,won,3.8060626225654732,6.7110082096737225,2023
54,Family Law,5,won,4.953931092253245,2.682382864973022,2022
54,Family Law,16,lost,3.62612559442824,1.893066364851821,2021
54,Family Law,1,won,3.430311243248111,6.647211088894655,2020
55,Employment Law,15,won,4.477092106793927,1.574151006282381,2022
55,Employment Law,10,won,3.608980848708061,9.846521915992307,2021
55,Employment Law,4,won,4.953235274630019,4.394816042118748,2023
55,Employment Law,9,won,4.7390673436299595,2.625917871801729,2022
55,Employment Law,23,won,3.547977563086036,6.337505709706219,2020
55,Employment Law,13,won,3.4850885531659417,3.625241056494274,2023
55,Employment Law,5,won,3.5784878056393365,4.3241871708048905,2023
55,Employment Law,16,won,4.907890424987552,8.79014098085288,2021
55,Employment Law,7,won,3.033320942488432,4.050502978136038,2022
55,Employment Law,17,won,3.5646276684214406,6.267671455008801,2022
55,Employment Law,8,won,4.322685357889449,1.3456078959371012,2022
55,Employment Law,16,won,3.8414731251372336,5.517508646186576,2023
55,Employment Law,16,won,4.072310772505472,7.456264777327302,2022
55,Employment Law,12,won,3.950927212338241,7.812348934072973,2020
55,Employment Law,18,won,3.961119881672536,1.618785157802387,2022
55,Employment Law,4,won,4.75549880972525,2.835951432484486,2022
55,Employment Law,20,won,3.109220606426938,9.74660771192936,2020
55,Employment Law,17,won,3.938813683978516,8.720720051657402,2021
55,Employment Law,14,won,3.258142493861763,3.6807345855119014,2023
55,Employment Law,12,lost,2.45496320738708,2.4956649964877426,2023
55,Employment Law,2,won,3.6860534251800487,9.893116683591717,2021
55,Employment Law,7,won,4.782280183587019,5.143198358213442,2021
55,Employment Law,19,won,4.043101967821935,2.12182686093532,2020
55,Employment Law,21,won,4.531736851325063,1.7129183500753373,2020
55,Employment Law,20,won,4.211793630358966,4.855166205119616,2022
55,Employment Law,18,won,3.021026449083307,7.857009049397356,2020
55,Employment Law,11,won,4.0710849461955965,5.292850533558884,2021
55,Employment Law,1,won,4.570379768845683,5.386656727907268,2023
56,Civil Rights,23,lost,2.101014784765613,5.925742697032159,2020
56,Civil Rights,21,lost,3.15965915209545,3.54295240766775,2020
56,Civil Rights,1,lost,3.9975858716313093,1.4946967615583986,2020
56,Civil Rights,8,won,3.309041659981038,4.956066475956089,2021
56,Civil Rights,20,won,3.6329142617488324,1.7827031823033974,2020
56,Civil Rights,16,won,4.889414763344964,4.013904611232865,2020
56,Civil Rights,9,won,3.0123676452817936,8.296152133038326,2022
56,Civil Rights,22,won,3.322895372065842,9.646716724942198,2023
56,Civil Rights,15,lost,3.0682793922713945,7.195045703919083,2022
56,Civil Rights,7,lost,3.7343547089027043,9.602588324576473,2022
56,Civil Rights,4,won,3.1939575250321908,1.5013615250372068,2020
56,Civil Rights,12,lost,3.690024474311552,1.5314513001244476,2023
56,Civil Rights,14,won,3.59084407262753,1.8150352084082844,2022
56,Civil Rights,17,won,4.7036918516777755,8.354719456539769,2022
56,Civil Rights,15,won,3.0578886334867343,3.1568120646180096,2023
56,Civil Rights,3,won,4.152977806279732,4.0786249119179985,2023
56,Civil Rights,21,lost,2.4487659595995908,5.540526316493522,2022
56,Civil Rights,7,won,4.022187642944796,5.009660330438451,2021
56,Civil Rights,18,won,4.308692919305715,8.85267956646426,2021
56,Civil Rights,22,lost,3.851654748887035,6.939941051217855,2023
56,Civil Rights,6,won,3.5249700158011823,6.23093929740445,2020
56,Civil Rights,19,won,4.916276239608992,3.2286847876429485,2023
56,Civil Rights,7,lost,3.933244441792215,4.990951925524397,2023
56,Civil Rights,14,won,4.375538412731469,3.461270638374818,2023
56,Civil Rights,23,won,3.098588985528833,4.476589346309908,2020
57,Family Law,12,won,4.89704065502783,7.400440787749895,2021
57,Family Law,12,won,4.02816384153237,8.014286533016078,2022
57,Family Law,17,won,3.483202552871526,7.131538994791905,2022
57,Family Law,23,lost,2.992085452033166,1.0698997793857186,2021
57,Family Law,19,won,3.421939781239901,8.574598067884967,2021
57,Family Law,5,lost,2.92065810128553,2.9582914593848004,2021
57,Family Law,19,won,3.1453311751623136,2.791840779423331,2023
57,Family Law,13,won,4.0896021705521965,2.1307914317108256,2022
57,Family Law,20,won,3.427085708980683,4.7002990283198836,2021
57,Family Law,13,won,3.733357759405963,4.5182568415704605,2023
57,Family Law,3,lost,3.6002751655041516,3.1749302873726664,2023
57,Family Law,3,won,3.5335890988676617,5.553332201317545,2023
57,Family Law,14,won,4.689728170821017,4.237080051007609,2020
57,Family Law,17,won,3.121811086470365,7.314087390426481,2020
57,Family Law,2,lost,2.6587585386041512,7.240397846669672,2021
57,Family Law,11,won,4.623254028889707,3.645250844544404,2021
58,Immigration Law,20,won,4.703580677321083,1.4731695802990283,2020
58,Immigration Law,12,won,4.0629584925636415,5.12166893040582,2020
58,Immigration Law,16,won,4.13859586826959,1.0186886584007309,2023
58,Immigration Law,11,won,4.444432197347292,2.5674102315585667,2021
58,Immigration Law,2,won,3.8892553158278096,1.2437302030304593,2020
58,Immigration Law,2,won,4.859299215402657,2.1215204711049465,2023
58,Immigration Law,18,won,3.892340875625393,5.985815384980725,2022
58,Immigration Law,11,lost,2.3271075890603745,3.7371146452123254,2021
58,Immigration Law,2,won,4.799486156817744,6.655662618768908,2022
58,Immigration Law,8,won,4.154706802439335,6.8176663770528005,2021
58,Immigration Law,5,lost,2.0687537167034504,6.750667197759562,2020
58,Immigration Law,19,lost,2.5853101953348157,5.908851551905418,2021
58,Immigration Law,12,won,4.5900230738569405,2.4701900476884084,2021
58,Immigration Law,2,won,4.754255123797003,5.753703355807206,2020
58,Immigration Law,5,won,4.299112013513923,8.811996327055809,2020
58,Immigration Law,13,won,3.0986179742196494,3.3173129484322237,2021
58,Immigration Law,6,lost,2.773392899974924,8.390281822483125,2020
58,Immigration Law,16,lost,2.2250062610532635,7.62328365736554,2020
58,Immigration Law,19,lost,2.87351563569415,5.176003853767837,2023
58,Immigration Law,20,won,4.308440924058026,9.983799168990558,2022
58,Immigration Law,21,won,3.815791874743094,4.130041627439985,2021
59,Immigration Law,18,won,4.7586489267251215,5.628043101393798,2022
59,Immigration Law,7,won,4.535752727267423,7.766151286305307,2023
59,Immigration Law,19,won,3.194036436474179,1.5781471827141331,2020
59,Immigration Law,5,won,4.71666086356185,5.172598669091048,2021
59,Immigration Law,10,lost,2.5503402249761358,4.581643117426815,2020
59,Immigration Law,6,won,4.827752580643592,9.829403760290191,2020
59,Immigration Law,21,won,4.324464316659186,7.43790079476222,2023
59,Immigration Law,5,won,3.250502462192416,6.899589746615013,2020
59,Immigration Law,3,won,4.739391769703268,9.0174893346067,2023
59,Immigration Law,11,lost,2.1539383660160345,7.036885228987321,2021
59,Immigration Law,6,won,4.677678673530541,8.894084208960592,2023
59,Immigration Law,7,won,3.3849863012716543,1.916908877256009,2022
59,Immigration Law,21,won,4.520069803606348,1.4388968693182638,2021
60,Personal Injury,16,won,4.165067554881472,7.154093808008871,2021
60,Personal Injury,16,won,4.739232915464523,2.7049908985066247,2020
60,Personal Injury,23,won,3.7931811487726597,2.123830692153304,2021
60,Personal Injury,6,won,3.4057064774557304,9.98486880913861,2020
60,Personal Injury,13,won,3.0532167321553683,7.617056662914365,2022
60,Personal Injury,8,lost,3.4833682579836465,7.0770775380583375,2022
60,Personal Injury,9,lost,2.25222028335725,2.168713120760929,2020
60,Personal Injury,1,lost,2.154823103969501,5.615518261916279,2020
60,Personal Injury,3,won,4.204512604754514,3.900923420224824,2020
60,Personal Injury,18,lost,3.6689165057121933,1.5059251491389063,2020
60,Personal Injury,16,won,3.599876979596127,1.1725109877248001,2022
60,Personal Injury,20,lost,3.9078735050528177,2.8892624117324637,2022
60,Personal Injury,11,lost,2.4354577993658673,6.591038774321506,2020
60,Personal Injury,1,lost,2.0292942545449737,9.290294921627577,2023
60,Personal Injury,16,won,3.4162120691927456,7.783481589059167,2022
60,Personal Injury,16,won,4.147858272245965,4.1569986070928096,2020
60,Personal Injury,19,lost,3.823265827416951,9.352128130564429,2020
60,Personal Injury,18,lost,3.9678618802848042,9.155237825147314,2021
60,Personal Injury,7,won,4.830579880758548,3.3911700837963714,2021
60,Personal Injury,16,won,4.313125404799305,9.162869665944193,2022
60,Personal Injury,20,won,3.905766720831023,9.51143597596922,2023
60,Personal Injury,3,won,3.607470092450199,1.837156683364075,2020
60,Personal Injury,16,won,3.8458870874831153,8.160205386318278,2023
61,Civil Rights,11,won,4.467285680728897,8.560169487286286,2023
61,Civil Rights,4,won,3.4736989411930925,2.48440624167458,2023
61,Civil Rights,22,won,3.458787004308764,2.9647280063036106,2023
61,Civil Rights,7,won,3.2055364852995636,2.5497773148126974,2020
61,Civil Rights,19,won,4.664782083403816,9.924619086651052,2020
61,Civil Rights,16,won,4.34858714740005,9.819599026224505,2022
61,Civil Rights,15,won,4.774085488893924,3.47522295239018,2020
61,Civil Rights,5,won,4.634214198333522,5.035118234721702,2020
61,Civil Rights,23,won,3.1566033409591148,6.16088642820095,2021
61,Civil Rights,10,won,4.880994397026021,9.57550950253526,2021
61,Civil Rights,1,won,3.948152528215715,8.881166148274954,2021
61,Civil Rights,18,won,4.442109321795744,3.314371159981863,2023
61,Civil Rights,15,won,3.7506426915460276,6.640780136880981,2020
61,Civil Rights,7,won,3.470062597623837,6.8705300153660165,2022
61,Civil Rights,10,won,3.214901105257816,1.1522151992944658,2021
61,Civil Rights,20,won,4.639354005560918,9.994152704249801,2021
61,Civil Rights,23,won,4.325719575269331,9.689037711405591,2020
61,Civil Rights,2,won,4.59022056505345,2.2217126778991094,2022
61,Civil Rights,10,won,3.327457915758342,3.6948081232279595,2021
61,Civil Rights,3,won,3.4075109716998875,3.345954893496429,2020
61,Civil Rights,3,won,4.259367190518406,4.7454485176554195,2020
61,Civil Rights,3,won,4.641698018526258,3.5332957220582744,2020
61,Civil Rights,12,won,3.2407562990110677,6.226917252529795,2021
61,Civil Rights,13,won,4.685890964912394,5.01297957873827,2023
61,Civil Rights,11,won,3.7216126227560054,7.775627275822456,2021
61,Civil Rights,6,won,4.164474897605173,3.698868415996585,2022
61,Civil Rights,21,won,3.6895395337997483,4.512659924914934,2020
61,Civil Rights,17,won,4.4299056471035545,3.239173573778331,2021
62,Immigration Law,8,won,3.0576023610930374,6.793478256924512,2020
62,Immigration Law,18,won,3.6905291041141064,2.554810806215889,2021
62,Immigration Law,15,won,4.919491442923938,8.664232600155136,2020
62,Immigration Law,11,won,4.524722427414345,2.2948853985080215,2022
62,Immigration Law,19,lost,3.0360306978170395,1.0671682637549746,2022
62,Immigration Law,1,won,3.885387403934872,7.58997285681,2022
62,Immigration Law,7,lost,3.1768624809069044,2.896867894869156,2020
62,Immigration Law,21,won,4.659879186424886,4.740650038262396,2021
62,Immigration Law,1,won,4.08247642886766,1.4761668994359796,2021
62,Immigration Law,16,won,4.404165133768993,5.566507885766414,2023
62,Immigration Law,6,won,3.581998779129326,8.820631945188065,2021
62,Immigration Law,18,won,4.172470997561524,5.43130343831124,2021
62,Immigration Law,6,won,4.663449262610179,5.168794926780285,2021
62,Immigration Law,3,won,4.274171777709431,9.088009313973975,2023
62,Immigration Law,18,won,4.859871188148171,5.128346041007844,2021
62,Immigration Law,9,lost,2.32913211685867,4.6569900786739105,2020
62,Immigration Law,2,lost,2.2504600512574937,4.438484942599513,2021
62,Immigration Law,6,lost,2.7175115240425476,6.680053251030113,2022
62,Immigration Law,7,won,3.6128846731004858,9.659916191043502,2022
62,Immigration Law,4,won,4.553642734480562,7.060777560202894,2022
62,Immigration Law,12,won,3.157253421979516,3.9782328920217567,2020
62,Immigration Law,3,won,4.066616724917481,9.963942841906297,2021
62,Immigration Law,3,won,4.270529974718162,1.374038634450327,2022
62,Immigration Law,11,won,3.7322262358575022,1.9327305383271602,2023
62,Immigration Law,2,won,3.5377138258083436,9.981797100024343,2022
62,Immigration Law,3,lost,3.300226446838427,7.678202066917843,2023
62,Immigration Law,3,won,4.2661702529924765,9.091215843845355,2021
63,Family Law,10,won,3.278604677415829,5.682087644536229,2023
63,Family Law,13,won,4.344696535285729,7.20263269384765,2021
63,Family Law,12,lost,3.627420541514616,2.9539290652290133,2021
63,Family Law,5,lost,2.5783006689083017,9.570340705260914,2022
63,Family Law,2,won,4.075162276103029,6.182132240100787,2021
63,Family Law,19,won,4.920733549244261,1.401292834607296,2022
63,Family Law,8,won,4.133716866588189,9.39040195528875,2022
63,Family Law,5,won,4.9066327444019215,9.12871621650507,2023
63,Family Law,6,won,4.334663699335387,2.1302389243914464,2020
63,Family Law,6,lost,2.6468857102003938,8.373107908921781,2020
64,Personal Injury,19,won,4.226232478138483,2.4148349520125882,2022
64,Personal Injury,5,won,4.169861787957443,3.3960835134892924,2020
64,Personal Injury,3,won,4.244605958148052,9.409781951582623,2020
64,Personal Injury,22,won,4.732902126498083,5.6879396060276,2023
64,Personal Injury,18,won,3.521350315481187,3.6720610684123867,2021
64,Personal Injury,14,won,4.83508978919269,7.881114373834873,2023
64,Personal Injury,9,won,3.203783507943106,1.1432824053651873,2021
64,Personal Injury,18,won,4.393509629870809,1.8697652574838428,2020
64,Personal Injury,9,won,4.526300115491122,8.220242613116026,2021
64,Personal Injury,5,won,3.254220981734048,4.847876698237409,2023
64,Personal Injury,23,won,4.706351624515601,6.23188917752548,2020
64,Personal Injury,17,won,3.9490887003171125,4.253384348396309,2021
64,Personal Injury,20,won,4.168791843178915,8.17175413248572,2023
64,Personal Injury,23,won,3.6772224582252653,1.4988969004711046,2023
64,Personal Injury,1,won,4.86908049124372,7.53455193456227,2022
64,Personal Injury,3,won,4.209148220516484,5.749858588028028,2020
64,Personal Injury,10,won,4.5463353834939175,1.9563931431315624,2023
64,Personal Injury,17,won,3.0703185005423883,3.9083069555147554,2021
64,Personal Injury,12,won,3.5969861961499268,7.051256721389749,2022
64,Personal Injury,17,won,3.36887038116853,5.477647841869902,2022
64,Personal Injury,2,won,3.153244803984405,6.9762972980018585,2021
64,Personal Injury,6,won,3.5721798440625214,7.504918084097161,2020
64,Personal Injury,2,won,4.166852430288182,5.1634927293128055,2020
64,Personal Injury,22,won,3.3671282284338657,8.388272922517002,2022
64,Personal Injury,10,won,3.5350540604966847,5.672862771431141,2023
64,Personal Injury,16,won,3.2473817012275212,6.24948577425187,2022
64,Personal Injury,20,won,4.089649351346863,3.4276821928639034,2021
64,Personal Injury,3,won,4.9782506382174665,3.3854255866835494,2021
65,Family Law,3,won,3.766775727263997,8.534457677755231,2020
65,Family Law,4,won,4.455072854460285,2.0364020866258334,2022
65,Family Law,5,won,3.4014256858275846,8.92139259619233,2022
65,Family Law,2,won,4.241113694046917,6.745150586176577,2021
65,Family Law,23,lost,3.6989288598571104,5.795624190549339,2023
65,Family Law,8,won,4.7518660443724094,8.048440261251125,2022
65,Family Law,14,won,3.97474961584249,6.625823974178758,2022
65,Family Law,12,won,4.080434533557237,1.4529063964119755,2021
65,Family Law,11,won,3.0649415433834966,7.690176060130112,2022
65,Family Law,16,lost,3.672157801590562,2.3930743136150077,2023
65,Family Law,23,won,3.7446141971460953,3.291973893009657,2021
65,Family Law,19,won,4.13303633117566,6.845886627432945,2021
65,Family Law,19,won,3.558678970553119,4.324520480096024,2022
65,Family Law,22,won,3.0200208211182726,8.941682677994097,2023
65,Family Law,2,won,4.44611425092066,5.569769366763979,2023
65,Family Law,14,won,3.043963629619246,8.224276648024194,2021
65,Family Law,6,won,3.51366007545037,1.8326495906478502,2023
65,Family Law,2,won,4.9996984889728004,1.019657285715239,2021
65,Family Law,1,won,4.841256273421552,1.842696040002663,2022
65,Family Law,7,won,3.8050527109802843,9.280360472913133,2021
65,Family Law,20,won,4.8957131345073215,3.327015372762213,2021
65,Family Law,8,won,3.9930308444612095,2.1098664196776302,2023
65,Family Law,4,won,4.545680166853007,8.22853460469458,2021
65,Family Law,15,won,3.030621173253811,8.02515453238846,2022
65,Family Law,7,won,3.733443817187598,1.952245223708628,2021
65,Family Law,6,won,4.971868337249836,8.026138672190761,2023
65,Family Law,6,won,4.822683632432818,5.986893523562435,2022
65,Family Law,20,won,3.31831816798766,4.187387770835455,2023
66,Personal Injury,23,won,4.839585143558873,1.853642739278405,2021
66,Personal Injury,9,won,4.513853690254027,6.460445817730035,2023
66,Personal Injury,20,won,3.1828525377234183,6.01154825221217,2022
66,Personal Injury,16,won,3.655494451792256,2.0404504955036096,2023
66,Personal Injury,21,won,4.3462226962490575,9.91673928453897,2023
66,Personal Injury,22,won,3.3132256297852996,9.772840732025758,2022
66,Personal Injury,12,won,4.96284284984405,1.876390561972038,2023
66,Personal Injury,2,won,4.856745103961583,1.590634793600358,2020
66,Personal Injury,12,won,4.3054562475544484,3.30099600998633,2023
66,Personal Injury,6,won,3.3898855379403194,8.441810624560258,2022
66,Personal Injury,1,won,4.427214732526943,2.867603458463911,2023
66,Personal Injury,17,won,3.8642324736038587,9.69931693200985,2021
67,Civil Rights,3,won,4.928864359135962,7.460835224967357,2021
67,Civil Rights,3,lost,2.700373048663922,1.749318922455689,2023
67,Civil Rights,22,won,4.565847228515144,4.983893634343898,2022
67,Civil Rights,14,won,3.764726662123256,4.988146107906231,2022
67,Civil Rights,2,won,4.051893153802919,8.279195000510356,2020
67,Civil Rights,14,lost,3.3414546508852014,3.4249550167328953,2020
67,Civil Rights,17,won,4.4470691466621775,6.19468008600978,2020
67,Civil Rights,6,won,4.2362059311233935,5.585579859017817,2020
67,Civil Rights,15,won,3.162947795425884,2.74005310250847,2020
67,Civil Rights,11,won,3.9333663116617283,1.474388108680951,2020
67,Civil Rights,22,lost,2.5345173702941235,4.793600642592615,2021
67,Civil Rights,8,lost,2.828868093936663,7.862000697451901,2020
67,Civil Rights,3,won,4.290475289106663,6.858745706966901,2022
67,Civil Rights,20,lost,2.1461701820523005,3.462997464293119,2022
67,Civil Rights,7,won,4.036411464365042,1.3377579177862282,2022
67,Civil Rights,16,lost,2.895000495620857,9.595206276505017,2021
67,Civil Rights,23,lost,2.4181162575617323,8.636339889403658,2023
67,Civil Rights,13,won,4.258847422234201,3.3122285622306404,2023
68,Employment Law,15,won,3.1202171121567917,9.243414662600383,2020
68,Employment Law,8,won,4.212772233966105,7.097170188159761,2020
68,Employment Law,21,won,4.1629078958572485,9.529926238289335,2021
68,Employment Law,5,lost,2.3473432739086797,7.21153963543899,2022
68,Employment Law,7,won,4.465754905767797,5.57519938808133,2021
68,Employment Law,5,won,4.666383319570908,4.8411133497452745,2023
68,Employment Law,1,won,4.386801706858088,9.915784634549611,2023
68,Employment Law,16,won,3.8872914975971447,9.268725743238264,2020
68,Employment Law,18,won,4.746722235682876,1.53786046760546,2022
68,Employment Law,8,won,3.629175266828133,5.608797190287976,2020
68,Employment Law,12,won,3.4104401745881434,2.7056713891363913,2022
68,Employment Law,10,won,4.771844228886851,7.974356250753595,2022
68,Employment Law,6,won,4.976741133443142,5.18749778148331,2022
68,Employment Law,22,won,3.2058101766840013,7.571171689987824,2023
68,Employment Law,20,won,4.4428983142191445,9.471510360161181,2023
68,Employment Law,21,won,4.549305239586035,6.059302784448265,2020
68,Employment Law,16,won,4.4158818314799895,7.422868670443684,2023
68,Employment Law,19,won,3.3964125304710393,2.296029015278399,2021
68,Employment Law,8,lost,2.861975745314381,3.593480705955562,2023
68,Employment Law,7,lost,2.18936198100959,1.295710279663567,2022
68,Employment Law,7,lost,2.124959522715642,7.491020207490249,2022
68,Employment Law,2,won,4.963794280070491,7.219952830484661,2021
68,Employment Law,10,lost,2.973502096704631,7.320924814777362,2020
68,Employment Law,17,won,4.53270256111478,6.921549200841331,2021
69,Tax Law,9,won,4.427915895729543,9.32192748624022,2020
69,Tax Law,8,won,4.056355442846034,2.1418554525678397,2022
69,Tax Law,21,won,4.245150795665563,1.0904228294934843,2021
69,Tax Law,16,won,4.901007123178269,4.4524813631964255,2022
69,Tax Law,17,won,4.207585514572236,3.690335350884999,2021
69,Tax Law,17,won,4.932042918260417,2.1757094340162375,2023
69,Tax Law,7,won,3.443558983867093,8.024240245421394,2021
69,Tax Law,7,won,3.9489063596890466,1.0897231126106663,2023
69,Tax Law,4,won,4.542946689719213,9.236249383644065,2022
69,Tax Law,5,won,3.1046657146013255,8.045637561879918,2023
69,Tax Law,11,won,4.016958070616052,3.0961165478453347,2020
69,Tax Law,7,won,4.961522348777703,2.4012333798033962,2022
69,Tax Law,2,won,4.91956757287543,7.085416001081008,2020
69,Tax Law,12,lost,3.4709270571953663,1.720164427819114,2023
69,Tax Law,2,lost,2.465207724297512,2.039552795408196,2021
69,Tax Law,7,won,4.85057638958631,8.81169977801918,2022
69,Tax Law,7,lost,3.4291246921863126,6.610705582026381,2021
69,Tax Law,5,lost,2.6727874468058186,5.671195242207002,2020
69,Tax Law,1,won,4.005566883693361,2.2999283573956983,2023
69,Tax Law,1,won,4.0436617506103785,6.270889018859193,2023
70,Intellectual Property,14,won,3.5704234893066644,5.985729548904474,2021
70,Intellectual Property,5,won,4.7628206646465,6.3428372659662475,2020
70,Intellectual Property,23,won,4.3529442869848225,2.709394896073232,2021
70,Intellectual Property,13,won,4.312002709306219,4.070343932377147,2021
70,Intellectual Property,20,won,3.9047060769574324,2.524801618839223,2020
70,Intellectual Property,16,won,4.65120684981403,1.540073733301106,2020
70,Intellectual Property,3,won,4.763417939277169,9.477150285343782,2022
70,Intellectual Property,10,won,4.338308311069701,4.6927334968539585,2022
70,Intellectual Property,5,won,3.382124278692716,8.11462246780283,2023
70,Intellectual Property,3,won,3.768038147929916,8.689595619931122,2021
70,Intellectual Property,14,won,3.0582475699782106,7.9219696915656925,2022
70,Intellectual Property,17,won,4.1013809829412935,9.500173190938341,2023
71,Employment Law,2,won,3.233495805537591,2.1615861234615665,2021
71,Employment Law,12,lost,2.6167042433523973,8.825870519732964,2021
71,Employment Law,5,won,3.0726814966324847,1.9166253862814446,2021
71,Employment Law,15,lost,3.00339833201285,7.529213516051465,2023
71,Employment Law,6,won,3.970145818285391,5.867443575743857,2023
71,Employment Law,12,lost,2.1422214164268736,4.110912419876733,2021
71,Employment Law,11,lost,3.635576861178839,5.943937286674135,2020
71,Employment Law,9,won,4.813733154679672,6.286328817180192,2020
71,Employment Law,2,won,4.512712109487269,8.147211055590452,2022
71,Employment Law,11,lost,2.821197394476533,9.08737219512073,2021
71,Employment Law,18,won,3.8618826730366536,2.782027272767982,2021
71,Employment Law,2,won,3.4787396726840925,4.761716572124984,2021
71,Employment Law,10,won,4.4588308974530815,6.037456923354821,2023
71,Employment Law,2,won,3.776116948521914,8.163685806405468,2020
71,Employment Law,12,lost,3.4888843356751074,2.3678216422664606,2021
71,Employment Law,14,won,4.746621746515457,1.374796201059823,2023
71,Employment Law,13,won,4.2149435078171384,5.708422007253843,2021
71,Employment Law,16,won,3.5220567830716965,8.881862849732398,2022
71,Employment Law,11,lost,3.0340125664194173,5.766154126414073,2021
71,Employment Law,11,won,3.415580929409508,8.190537058645354,2021
72,Property Law,10,won,4.606424246488187,6.056892606173618,2023
72,Property Law,1,lost,2.7110595943040154,8.279726851302087,2021
72,Property Law,7,won,3.0078282114707813,3.0448691004880404,2021
72,Property Law,17,won,4.596968485860851,3.404487363291909,2022
72,Property Law,8,won,3.6784746810577342,5.483788476055168,2023
72,Property Law,12,lost,2.260902819887236,1.1132003123757586,2021
72,Property Law,15,won,3.461469180414108,3.6207680949696175,2020
72,Property Law,7,lost,3.6551624349614045,4.8490217724175215,2020
72,Property Law,22,won,3.674718156714559,1.807308271133612,2020
72,Property Law,15,lost,2.9192655087129205,3.01242293491304,2020
72,Property Law,4,won,4.328901314186519,7.379193384155386,2020
72,Property Law,2,won,3.2856918151838475,7.878264382624559,2020
72,Property Law,7,won,3.9542196353878523,9.951078310160723,2020
72,Property Law,15,won,4.985664263363951,4.671048131021713,2020
72,Property Law,9,won,4.174695582486056,2.567896075642519,2023
72,Property Law,9,won,3.3551158394264453,9.236504241770994,2020
72,Property Law,17,won,4.196374999877057,6.4164371376974305,2020
72,Property Law,9,won,4.088059930589151,6.038161499617878,2023
72,Property Law,15,won,3.52859950554751,3.585172131773567,2020
72,Property Law,16,lost,2.3294617921621237,4.868481317617023,2023
72,Property Law,5,won,3.906832461248536,9.903519505957465,2021
72,Property Law,1,won,3.963800334219955,5.5282019927348784,2023
72,Property Law,20,won,4.749494146977949,9.448473717800766,2023
73,Family Law,2,lost,2.820585605887893,3.9966095293427637,2023
73,Family Law,1,won,4.376715249827315,3.3381497455404436,2023
73,Family Law,16,lost,2.3758519157475906,2.332537835399467,2021
73,Family Law,11,won,4.255727652004203,4.287051336311937,2020
73,Family Law,17,won,4.478949307768227,4.836864645916312,2020
73,Family Law,18,won,4.547990174588018,1.4686516559914278,2020
73,Family Law,16,won,3.9542927519780986,2.177930246982184,2023
73,Family Law,3,won,4.419570100447945,5.340027073035939,2021
73,Family Law,10,lost,3.9315408877685742,2.9374214120725086,2021
73,Family Law,10,won,3.2488684158935106,9.659762886501921,2023
73,Family Law,13,lost,2.7752492504049187,3.908748248716397,2021
73,Family Law,18,lost,2.780575817326273,1.9548260165161824,2022
73,Family Law,20,won,4.171208335679014,6.322165336478886,2021
73,Family Law,9,won,3.661983895206806,8.537058053512606,2022
73,Family Law,6,won,3.14347068749485,3.0408275566046434,2023
73,Family Law,19,won,4.562581294811384,1.1746112105639388,2022
73,Family Law,16,won,3.5503804235469514,9.186280255483997,2023
73,Family Law,22,won,4.745660468306641,8.331086909021526,2021
73,Family Law,23,won,4.430273553622351,3.834568557268835,2021
73,Family Law,13,won,4.006145200543218,1.7462312325503304,2020
73,Family Law,2,won,4.711850379182596,4.912103334848232,2021
73,Family Law,22,won,4.5375283614423205,3.3902883847662393,2020
73,Family Law,10,won,3.643372737402619,5.189382751957295,2021
74,Property Law,6,lost,2.2125570231410716,8.577851752524037,2022
74,Property Law,9,won,4.801520324901465,9.370048400119654,2022
74,Property Law,17,lost,3.792472498292266,8.260370269705554,2021
74,Property Law,18,lost,2.843548483872252,3.0674465531490855,2022
74,Property Law,8,lost,3.286739450139521,3.362592614348491,2022
74,Property Law,4,won,4.603827905672253,8.663402634818919,2021
74,Property Law,12,lost,3.9557073870035637,2.805081936292629,2022
74,Property Law,14,won,3.3455146365621746,4.414290383837679,2022
74,Property Law,6,won,3.823893097224527,9.409697151140932,2023
74,Property Law,20,won,4.131777210203518,6.539973608738612,2020
74,Property Law,4,won,4.298307929661745,7.282634917630615,2023
74,Property Law,10,lost,2.187040247195819,4.844012017774007,2022
74,Property Law,17,won,3.9503417320452563,3.855332569211808,2020
74,Property Law,22,won,3.611296993672367,6.336844308706889,2021
74,Property Law,20,won,3.1447787965286205,3.613313912374185,2023
74,Property Law,13,won,4.4217886609210835,9.760299095370586,2023
74,Property Law,11,lost,2.893544317679214,1.0638687924539845,2023
74,Property Law,14,lost,3.081531262601086,7.095706177020935,2022
74,Property Law,17,won,4.062679906473218,4.597475958769849,2022
74,Property Law,18,lost,2.596300712553111,2.1381782086321404,2021
74,Property Law,13,lost,3.3209394427288625,5.237347774293083,2023
74,Property Law,6,won,4.285255870421864,8.648583441373216,2023
74,Property Law,20,won,4.542486148066356,1.349316530306219,2021
74,Property Law,1,won,4.8696440808876025,8.51461097546905,2021
75,Employment Law,8,won,3.314743166699821,1.279613172200107,2023
75,Employment Law,1,lost,2.4798978074472626,1.7504114839188358,2021
75,Employment Law,15,lost,3.3340737142507075,9.204191985367473,2020
75,Employment Law,1,lost,2.077598909457775,2.680952754080164,2020
75,Employment Law,19,won,3.7012853829142935,4.391295649967912,2022
75,Employment Law,23,lost,2.4824886720760557,2.87408627747393,2022
75,Employment Law,9,won,3.5593477130928863,2.7236918984513334,2022
75,Employment Law,16,won,3.4826994076749997,1.7068261851351882,2022
75,Employment Law,17,lost,3.101381089389589,8.351140326169126,2022
75,Employment Law,13,lost,3.207606157687507,5.440074292471424,2022
75,Employment Law,4,won,3.766962245150085,2.3700539252518014,2023
75,Employment Law,4,lost,3.1715565418620955,6.280911170601321,2023
75,Employment Law,18,lost,3.9936154253577083,2.3831572222652215,2022
75,Employment Law,12,won,4.181631749791015,5.551955504822898,2020
76,Personal Injury,3,lost,3.4590428439528766,1.1830697369395988,2020
76,Personal Injury,8,won,4.65885774086796,3.724112893408792,2022
76,Personal Injury,22,won,3.9271028357706483,8.99054130333592,2021
76,Personal Injury,1,won,3.807952566606167,5.14105464882993,2022
76,Personal Injury,12,won,3.873163443483649,6.70417278393456,2022
76,Personal Injury,19,won,3.7761974706883144,3.180639962804199,2021
76,Personal Injury,17,won,3.0268189077442464,1.1750163257759194,2021
76,Personal Injury,10,won,4.611216577628629,1.5244777140451702,2022
76,Personal Injury,17,won,4.142186324869029,1.080987915549302,2023
76,Personal Injury,15,lost,2.9201282334951237,3.679108827061348,2022
76,Personal Injury,11,won,4.237170298144231,3.7886240507795192,2020
76,Personal Injury,9,lost,3.846447493970457,7.203513891032534,2020
76,Personal Injury,10,won,4.184965987803193,8.520145345815838,2021
76,Personal Injury,7,won,4.77949798059076,1.0824899516543485,2020
76,Personal Injury,23,lost,3.2268036930443422,3.355042299737558,2022
76,Personal Injury,9,won,3.4894901592738545,8.933372376300195,2022
76,Personal Injury,5,won,4.836570070759915,4.672364154425349,2022
76,Personal Injury,5,won,4.816167374119709,8.239369727239305,2020
76,Personal Injury,23,won,4.814926352692851,2.102332751652675,2023
76,Personal Injury,19,lost,2.8200475734834862,5.337954259595803,2023
76,Personal Injury,18,won,4.890244897489774,3.5440062448704315,2021
76,Personal Injury,7,won,4.527926392651236,1.045709316781545,2022
76,Personal Injury,9,lost,3.9682377676524743,7.626285531644159,2021
76,Personal Injury,1,lost,2.9433263655703206,6.144649240250489,2021
76,Personal Injury,3,lost,3.2521962039740933,9.020807176616286,2021
76,Personal Injury,1,won,3.6123918409641624,6.900664709028857,2023
76,Personal Injury,22,lost,3.640938032721707,6.258877585864381,2022
77,Intellectual Property,6,won,3.6288682116228106,6.228717279684332,2021
77,Intellectual Property,18,won,4.258438386016584,7.293816290397734,2020
77,Intellectual Property,21,won,4.719495611370133,5.124279832885431,2023
77,Intellectual Property,13,won,4.635701326829665,4.116394373812737,2020
77,Intellectual Property,19,lost,2.2018953632720812,9.656994148531371,2021
77,Intellectual Property,12,lost,2.7955467030620795,3.922348008324376,2023
77,Intellectual Property,4,won,3.4562007558047703,9.300009863393742,2022
77,Intellectual Property,17,won,3.50953517265724,9.230735384218505,2022
77,Intellectual Property,22,won,4.515096786266742,8.287933635075362,2022
77,Intellectual Property,9,won,3.4491189385377927,5.189550998747317,2021
77,Intellectual Property,15,lost,2.271033747121508,5.665596639697586,2021
77,Intellectual Property,19,lost,2.367159254710292,3.2748927395604768,2022
77,Intellectual Property,20,lost,3.5893257847957782,5.106851384958661,2020
77,Intellectual Property,13,lost,3.018226770375044,2.327085256835214,2023
77,Intellectual Property,5,won,4.429404632764515,9.43934153841431,2022
77,Intellectual Property,15,won,3.489431194047402,2.1840877597541914,2020
77,Intellectual Property,9,lost,3.0927809344234722,6.125288631967097,2023
77,Intellectual Property,16,won,3.1462850189565676,7.88179215352701,2021
77,Intellectual Property,3,won,4.39176314873697,2.481203302421526,2020
77,Intellectual Property,14,won,4.811164275146265,2.077839697889775,2021
78,Intellectual Property,7,won,4.725541554918451,2.4661238902965463,2023
78,Intellectual Property,1,won,4.666419375915603,9.364668094631861,2022
78,Intellectual Property,17,won,3.1010149416645643,1.3949297953186925,2023
78,Intellectual Property,9,lost,2.5125847507384353,2.713721464224192,2021
78,Intellectual Property,22,won,4.611782338393708,1.7132464551693594,2022
78,Intellectual Property,20,won,3.969717479432207,4.194956042325476,2020
78,Intellectual Property,2,won,3.2949052009498025,1.2676263516514235,2021
78,Intellectual Property,21,won,3.1891126895487765,7.82546294430926,2022
78,Intellectual Property,13,won,3.280998019591035,6.602944565918024,2022
78,Intellectual Property,17,won,4.855349082999038,9.548462849377291,2023
78,Intellectual Property,5,won,4.923729748695997,5.926657654011027,2020
78,Intellectual Property,10,won,4.956530927058948,2.426682106246685,2023
78,Intellectual Property,18,won,4.278772842908196,2.161327680004824,2023
78,Intellectual Property,17,won,4.339939848193313,1.6478273661698954,2021
79,Criminal Law,18,won,4.57858130935421,1.280922043048728,2021
79,Criminal Law,1,won,3.6065620521308905,4.263248913352093,2021
79,Criminal Law,22,won,4.213653127177166,2.079296730344171,2023
79,Criminal Law,22,lost,2.465136148513657,6.469263131478472,2023
79,Criminal Law,19,won,3.38757826004671,2.9310833808356485,2021
79,Criminal Law,12,won,4.146983527781954,2.937194384508583,2020
79,Criminal Law,3,won,4.036985949884481,4.170779957882605,2021
79,Criminal Law,4,won,3.5370001523949908,6.888122019507861,2022
79,Criminal Law,20,won,3.792554524983401,7.244770080955551,2022
79,Criminal Law,11,won,3.535548629208235,5.094556991577997,2021
79,Criminal Law,16,won,4.881279998372228,3.9638914973425385,2020
79,Criminal Law,16,won,4.088922664298337,2.515964960187237,2023
80,Intellectual Property,13,lost,3.433437171535284,7.353913626657941,2022
80,Intellectual Property,1,lost,3.3095414272041763,4.510774349021923,2021
80,Intellectual Property,6,won,3.3082950486726683,8.70079297730452,2022
80,Intellectual Property,16,won,4.388144667061969,5.6724673561708645,2023
80,Intellectual Property,10,won,3.5966754871749975,3.3672325216850565,2023
80,Intellectual Property,20,won,3.5019744126321415,7.150910383485254,2022
80,Intellectual Property,8,won,4.555889054940642,8.572057471054434,2021
80,Intellectual Property,11,lost,2.5657718195727304,9.053822806349679,2022
80,Intellectual Property,7,won,4.29972784340515,1.2222756791750016,2021
80,Intellectual Property,14,won,3.5564343741376443,1.5544718676322233,2022
80,Intellectual Property,6,won,4.379277039317812,3.712526161897233,2020
80,Intellectual Property,23,lost,2.9380800933319255,5.539822714570932,2022
80,Intellectual Property,4,won,3.9913815404574278,3.9946073858546995,2020
80,Intellectual Property,4,won,3.89337744348933,3.2873255211503296,2020
80,Intellectual Property,20,won,4.086811704396528,3.7428482151759317,2020
80,Intellectual Property,10,won,4.232508081141625,4.994703920265124,2023
80,Intellectual Property,21,won,3.296966366010569,5.9887063526315725,2022
80,Intellectual Property,3,won,3.1102192798813335,8.990856386661973,2022
80,Intellectual Property,3,won,3.3668106972194796,4.884941927294051,2022
80,Intellectual Property,3,won,4.040912184278766,8.747297764180637,2020
80,Intellectual Property,4,won,3.9014121165007714,7.782491183301884,2020
80,Intellectual Property,3,won,4.684742667636644,7.845459232510556,2023
80,Intellectual Property,11,lost,2.3902176400484203,9.033501952397323,2021
80,Intellectual Property,11,won,4.742667184680565,9.99014229786769,2023
80,Intellectual Property,20,lost,2.4504142004324034,3.3138648045560055,2020
80,Intellectual Property,17,lost,3.8276290452498882,4.314659208901386,2023
80,Intellectual Property,6,won,4.673240420735317,6.857094887622116,2021
80,Intellectual Property,1,lost,3.6358083536648786,1.3452747522013102,2023
81,Tax Law,13,won,4.707731987050407,2.261488900444573,2020
81,Tax Law,3,lost,2.1901872954214587,1.4879056978539376,2020
81,Tax Law,23,won,4.43290596311758,3.2466223396952505,2021
81,Tax Law,5,won,4.915660434950553,8.953858139122287,2022
81,Tax Law,22,won,4.38676380122971,2.5323323691289237,2023
81,Tax Law,21,lost,2.1451495960894214,8.65285937341839,2023
81,Tax Law,15,lost,3.0857562647216104,8.496042353985064,2020
81,Tax Law,6,won,4.113636720556615,9.517407880225338,2023
81,Tax Law,1,won,4.860897201090062,8.532350495601612,2020
81,Tax Law,23,won,3.97661928565169,4.039472301059954,2021
81,Tax Law,10,won,4.5678571769056,3.9214791828725017,2021
81,Tax Law,19,won,4.918224583992588,9.379812614572133,2020
81,Tax Law,1,won,3.5480831794085517,8.613687304886799,2021
81,Tax Law,21,won,3.2385433440794866,3.02124144388511,2022
81,Tax Law,21,won,4.578081208404094,4.158780615334822,2021
81,Tax Law,1,lost,2.122433316287144,6.318244835445041,2021
81,Tax Law,6,lost,2.9179394361306974,3.145844610581353,2023
81,Tax Law,3,lost,2.2105303249608506,6.154145342710205,2023
81,Tax Law,8,won,4.061390379527043,3.297091909098551,2020
81,Tax Law,13,won,3.4660892565337447,6.1626507214861705,2023
81,Tax Law,3,lost,3.2617020772902237,4.146266762059529,2022
81,Tax Law,12,won,3.684045328495963,8.490151960375975,2020
81,Tax Law,22,lost,2.1881196404571774,9.56256735235974,2023
81,Tax Law,10,won,3.596078664188902,4.708869118373031,2023
81,Tax Law,11,won,4.833286205387832,7.349469867411615,2023
82,Intellectual Property,9,won,4.351984979512681,7.350934004865518,2023
82,Intellectual Property,8,won,3.4441643764179797,8.421637175208037,2020
82,Intellectual Property,6,won,4.887991813421223,1.4305493125633493,2023
82,Intellectual Property,18,lost,3.7738842217657345,8.293929270540627,2023
82,Intellectual Property,5,won,3.609150732577137,2.584357139394736,2021
82,Intellectual Property,1,won,4.828883458974676,8.565693803372127,2022
82,Intellectual Property,16,won,4.761762847549473,8.25172202960308,2021
82,Intellectual Property,16,won,4.803832215675765,4.574681976854159,2022
82,Intellectual Property,16,won,3.1011937073531635,9.336519656635666,2022
82,Intellectual Property,8,won,4.35277875610982,1.830421041064865,2022
82,Intellectual Property,22,won,4.301213046504207,9.007186713144984,2020
82,Intellectual Property,7,won,4.153766549953891,1.368563789345318,2023
82,Intellectual Property,3,won,4.675746540238725,8.945035296638471,2022
82,Intellectual Property,13,won,3.257494405751426,6.013061256818157,2021
82,Intellectual Property,16,won,3.0925238346799997,4.201966757805941,2020
82,Intellectual Property,17,won,4.029142232535601,2.8013879012443015,2020
82,Intellectual Property,18,won,3.294906018532359,1.659210436966511,2020
82,Intellectual Property,1,won,4.506625863758514,7.446928091284253,2020
82,Intellectual Property,9,won,4.28455632701423,1.345253993091772,2023
82,Intellectual Property,5,lost,3.0007167207687804,4.217619955845132,2020
82,Intellectual Property,21,won,4.3856023972598175,8.838708398762883,2022
82,Intellectual Property,13,won,3.644520787638969,9.768744667994296,2021
82,Intellectual Property,10,won,4.498630710284869,9.682214309456148,2020
82,Intellectual Property,8,won,4.875100674814677,5.768880629663855,2022
82,Intellectual Property,3,won,3.187314905214949,7.912804405767999,2022
82,Intellectual Property,6,won,4.437981513706466,6.125691508138294,2023
82,Intellectual Property,19,lost,3.764940389886271,6.241559575676527,2020
82,Intellectual Property,19,won,4.689583475731823,9.078059741078441,2020
83,Employment Law,5,won,4.501580462359575,6.802479796436359,2021
83,Employment Law,7,won,3.062113752070311,5.987631299039189,2023
83,Employment Law,9,won,3.066853066186443,4.300768687833461,2023
83,Employment Law,10,won,3.1447527863882447,9.587184774139653,2022
83,Employment Law,2,won,3.8517863100733636,9.869717199296963,2021
83,Employment Law,1,won,3.0106979773884457,7.734149255628101,2020
83,Employment Law,6,lost,2.192251703464303,4.8211534646736,2022
83,Employment Law,8,won,3.359290631728263,9.636347845249665,2020
83,Employment Law,16,lost,3.7492115890063316,6.074803287025899,2021
83,Employment Law,8,won,3.157397153415019,6.433796294538517,2020
83,Employment Law,19,won,3.9267820176092925,6.394874878248595,2020
83,Employment Law,2,won,4.8428386697526555,2.1576165439527286,2023
83,Employment Law,9,won,4.778637519856639,5.674579167551209,2021
83,Employment Law,22,lost,3.9227649402874305,6.424029648500546,2021
83,Employment Law,15,won,3.1618994040447124,6.194544639615966,2022
83,Employment Law,7,won,4.249401338813216,3.5428677729619924,2022
83,Employment Law,13,lost,3.4380456408672018,5.534999171121462,2020
83,Employment Law,16,lost,3.8474862625332973,3.068257072803986,2021
83,Employment Law,7,won,4.499198882241524,4.936128151893353,2021
83,Employment Law,8,won,3.5765916091085126,6.746095635869294,2022
83,Employment Law,14,lost,2.799197023241736,8.671873758122072,2020
83,Employment Law,1,won,3.783935480548926,3.3724489582619332,2020
83,Employment Law,3,won,4.867902677165437,2.8307170197848355,2023
83,Employment Law,23,lost,3.3618344252345027,2.679206493282772,2020
83,Employment Law,5,won,4.972699845888324,3.8369506363955743,2023
83,Employment Law,18,won,3.5139045990169397,1.1881856110171147,2020
83,Employment Law,19,won,3.206789873260083,4.883573078628782,2023
83,Employment Law,2,won,4.881074602205896,9.153495711336381,2022
83,Employment Law,18,won,3.7622937640694714,4.7066705483004725,2021
84,Criminal Law,3,lost,2.3684397985927186,4.931740329014139,2023
84,Criminal Law,20,won,3.8269315334203204,2.85582444311601,2021
84,Criminal Law,15,won,3.911321643106184,6.451293164138881,2021
84,Criminal Law,14,lost,2.8222978646802774,3.1291113268999005,2020
84,Criminal Law,2,won,4.360475507687566,8.582112875065722,2023
84,Criminal Law,16,lost,2.066646398879017,9.215086468478729,2020
84,Criminal Law,9,won,3.5001649378278836,8.528971520526524,2022
84,Criminal Law,2,won,4.141983142651957,4.670943491772848,2023
84,Criminal Law,11,won,3.8187782623668367,3.6089261158047368,2021
84,Criminal Law,12,won,3.804549534862867,4.371842971133459,2023
84,Criminal Law,18,won,4.968883907166736,3.679787383050199,2021
84,Criminal Law,11,lost,3.4983156463530634,3.9589685874333167,2020
85,Employment Law,18,lost,2.8714687136866153,3.0184607641771475,2020
85,Employment Law,6,won,4.493341929573274,1.8443968515589884,2023
85,Employment Law,13,lost,3.6452958543877787,2.8904260356286264,2022
85,Employment Law,5,lost,2.800310545730798,2.35445948265327,2020
85,Employment Law,3,won,3.883068020757794,5.415522183083792,2023
85,Employment Law,6,lost,2.9809088170395697,3.319260833702617,2023
85,Employment Law,1,won,3.4422952202213866,3.4220777737420933,2020
85,Employment Law,1,won,4.98418437405764,2.173165117433126,2020
85,Employment Law,15,lost,3.6113507580854085,7.022652869792287,2022
85,Employment Law,1,won,4.359451592003516,6.481260502362242,2020
85,Employment Law,23,won,3.945651249792605,6.792186004658381,2021
86,Employment Law,22,won,3.1591762947440847,9.463573305509899,2023
86,Employment Law,18,won,4.726982900925637,7.9527033258629,2020
86,Employment Law,4,won,4.538501118483174,6.370506910955954,2023
86,Employment Law,1,won,3.243778424160718,5.587813602107842,2020
86,Employment Law,15,lost,2.950718135361737,4.271630116323401,2021
86,Employment Law,9,won,3.3278405240938898,4.432679289128111,2023
86,Employment Law,12,lost,3.4577410189771918,9.387214593377102,2020
86,Employment Law,19,won,3.1265253436413496,6.427124770281294,2023
86,Employment Law,6,lost,3.0596181141401084,7.024135156865165,2023
86,Employment Law,11,lost,2.0771831238762677,8.90993031321567,2020
87,Corporate Law,12,lost,2.0619412068450202,3.4740609243137897,2021
87,Corporate Law,19,won,4.790200058132489,9.843871703442122,2022
87,Corporate Law,3,won,4.811698779998611,5.646230408800545,2020
87,Corporate Law,9,won,4.514938101446206,7.585347454508364,2022
87,Corporate Law,5,won,3.4220133834150523,7.194636985845295,2023
87,Corporate Law,10,won,3.6461421368115023,8.55073987006661,2020
87,Corporate Law,9,won,4.37373298746982,9.219697404400303,2022
87,Corporate Law,9,won,4.922236536043281,6.646568997842618,2022
87,Corporate Law,18,won,3.208960633507916,7.48241131552656,2021
87,Corporate Law,17,won,4.8451448098116,6.116249819411376,2023
87,Corporate Law,20,won,3.514730916803268,7.241588533416884,2022
87,Corporate Law,14,won,3.896341694042637,6.730236229221475,2022
87,Corporate Law,23,won,3.600977517265278,8.229370605644153,2021
87,Corporate Law,21,won,3.4123941585104047,3.248684164704966,2023
87,Corporate Law,9,won,3.46016898371495,4.654739193037939,2020
87,Corporate Law,8,won,4.643298667760145,1.535321467975506,2023
87,Corporate Law,10,won,4.587791310389034,8.869730987768307,2020
87,Corporate Law,18,won,3.5381044574843257,8.307006792114851,2022
87,Corporate Law,17,lost,2.913877699796498,9.47942125326994,2021
87,Corporate Law,1,won,3.201505687919153,7.367705370802385,2022
87,Corporate Law,12,won,3.2773050582266077,2.145806908720525,2020
87,Corporate Law,12,won,4.304969456812315,7.964206737121305,2022
87,Corporate Law,4,won,4.285547323236585,3.94994085257097,2022
87,Corporate Law,20,won,3.866927399466247,4.570548404215472,2020
87,Corporate Law,9,lost,2.019693650024022,3.1427669152640583,2023
87,Corporate Law,23,won,3.871178316025418,4.733621652714355,2021
87,Corporate Law,23,won,3.5649974532419293,5.996437568111394,2023
87,Corporate Law,15,won,4.862051985950135,9.562983749985987,2022
87,Corporate Law,9,won,4.477602766536379,9.036681325343446,2023
88,Criminal Law,23,won,4.459356827294482,1.468412548805183,2023
88,Criminal Law,13,won,3.886640641545397,6.2727674547512935,2021
88,Criminal Law,3,won,3.1660775156203727,2.7194668183781454,2021
88,Criminal Law,20,won,4.632455703725601,9.894359036288682,2021
88,Criminal Law,11,won,4.602343006590649,6.439426471745273,2022
88,Criminal Law,4,won,4.4846204910674485,7.933706083617794,2021
88,Criminal Law,22,won,4.947485164076987,6.9702634986084355,2021
88,Criminal Law,2,won,4.462205966007124,3.1796510103439095,2023
88,Criminal Law,16,won,3.5799747852882837,6.660146304312535,2022
88,Criminal Law,4,lost,2.5665930559954044,1.0021864099106146,2020
88,Criminal Law,4,won,3.4672180640724735,8.005347140909421,2021
88,Criminal Law,5,won,4.581205929539511,2.20188780554996,2022
88,Criminal Law,9,won,4.381902732535911,4.637335885993506,2023
88,Criminal Law,10,won,3.8055522686966663,1.3258653533864646,2021
88,Criminal Law,6,lost,2.6074477032636514,9.289625376696232,2022
88,Criminal Law,19,won,4.344401327130225,2.7708289990449004,2022
88,Criminal Law,19,lost,2.3625005111031037,7.408071650783464,2023
88,Criminal Law,14,won,4.566580184877733,9.66506327182659,2021
88,Criminal Law,17,won,3.961883216168607,4.386806352594979,2022
88,Criminal Law,19,won,3.2163387751015184,9.880271164723814,2020
88,Criminal Law,18,lost,2.3977834058760346,3.16281079267007,2022
88,Criminal Law,6,won,4.964781109035133,2.782278519679843,2022
88,Criminal Law,15,won,3.0135763480471796,2.3764886782788355,2022
88,Criminal Law,10,won,3.577619939908179,2.3434121140232254,2022
88,Criminal Law,10,won,3.039451492926351,2.2166474875428706,2021
89,Employment Law,17,won,3.701474596808618,7.819614500520643,2020
89,Employment Law,16,won,3.1317843300639456,2.721602410268629,2022
89,Employment Law,5,lost,2.754503971431391,6.976667090798507,2021
89,Employment Law,1,won,3.1170732001601005,3.748721486884762,2021
89,Employment Law,7,won,4.5215186167739,1.142542638503868,2023
89,Employment Law,16,won,4.013099999817094,6.065472134931426,2021
89,Employment Law,21,lost,3.4668036986698114,8.841492893090415,2021
89,Employment Law,13,won,4.795591612784052,4.149059172826588,2022
89,Employment Law,15,won,4.178663289895456,5.726267665926667,2022
89,Employment Law,7,won,4.593895008031292,6.313834927971022,2021
89,Employment Law,21,won,4.405476598579174,8.134330652026762,2023
89,Employment Law,3,won,4.420346533180322,7.096076614733647,2023
89,Employment Law,22,won,4.368657300910534,4.2392263259382705,2020
89,Employment Law,3,won,4.595604744417216,9.293119625948773,2023
90,Corporate Law,4,won,3.825678795517813,8.738690413016096,2023
90,Corporate Law,7,won,4.227415939087495,8.141836620059479,2023
90,Corporate Law,12,won,3.043973044078647,8.351901873044046,2022
90,Corporate Law,12,won,3.7301878404636115,6.503453674472792,2022
90,Corporate Law,14,won,3.9895084808714074,2.2038462556930196,2020
90,Corporate Law,16,won,3.327091373648279,1.3028475105912394,2020
90,Corporate Law,1,won,3.358592470520097,3.031867673875253,2022
90,Corporate Law,7,lost,3.620728799518874,8.171633590949108,2020
90,Corporate Law,10,won,3.14902092363728,5.593534492138359,2021
90,Corporate Law,4,won,3.141832382877139,2.704247882126765,2020
90,Corporate Law,3,lost,3.912265712684738,7.284453341774919,2021
90,Corporate Law,7,lost,2.958831597254204,5.623334790603,2021
90,Corporate Law,12,won,4.172416332381018,7.878301066217272,2022
90,Corporate Law,19,won,4.017077782995416,5.290784879574954,2021
90,Corporate Law,18,won,4.891569292481911,9.368726504505048,2022
90,Corporate Law,12,lost,2.1184466107932147,1.9485724134622604,2020
90,Corporate Law,8,won,4.087079293150151,7.405138534195774,2020
90,Corporate Law,16,lost,3.4085181490048395,6.027601031795705,2023
90,Corporate Law,6,won,3.8573296487789697,2.1404146171081497,2021
90,Corporate Law,4,won,4.881931575685588,5.377348907426328,2021
90,Corporate Law,11,won,3.3272480004204676,2.124278296665701,2023
90,Corporate Law,21,won,4.75962087143937,1.4057997040485093,2021
90,Corporate Law,7,won,3.196115697124915,4.926712814497159,2023
90,Corporate Law,9,won,3.9794080637157103,7.863140015123976,2023
90,Corporate Law,11,won,4.784305833739921,5.234259877094411,2022
90,Corporate Law,16,won,3.4667925389162537,5.080335450437416,2020
90,Corporate Law,6,won,4.935724702326426,8.7667392459893,2022
91,Corporate Law,20,won,4.378488039924046,6.469388274043041,2021
91,Corporate Law,2,won,3.3415205669007713,3.0415339209294565,2022
91,Corporate Law,19,won,4.029855017721344,2.536096917720103,2022
91,Corporate Law,17,won,3.515879013573801,5.423628032486439,2023
91,Corporate Law,13,won,4.190092689847522,1.8117613018021994,2022
91,Corporate Law,19,lost,3.492508690292577,2.5804012573766566,2023
91,Corporate Law,6,lost,2.7156265594052194,3.4791211912435323,2023
91,Corporate Law,21,lost,2.634001939468608,8.649888338521095,2020
91,Corporate Law,7,won,4.664997401971933,8.657006412993944,2020
91,Corporate Law,23,won,3.00316928893268,5.709632166000955,2023
91,Corporate Law,15,lost,3.5448219992545686,7.851479107153713,2021
91,Corporate Law,8,won,4.141366350143957,7.846343254395055,2022
91,Corporate Law,20,won,3.5072849486827513,3.0525563521001793,2022
91,Corporate Law,4,won,3.536679582549315,7.2817461183125225,2020
91,Corporate Law,1,won,3.060759159908925,7.414783792863258,2020
91,Corporate Law,8,won,3.9944048071131064,4.779448168134143,2020
91,Corporate Law,20,won,3.827852116105178,3.4305261949140013,2020
91,Corporate Law,10,won,3.359318578059824,7.201981733381416,2021
91,Corporate Law,16,lost,2.234951797752986,8.070999417500104,2022
91,Corporate Law,17,lost,3.3896414597434417,4.9739255999184735,2020
91,Corporate Law,15,lost,3.285666781631476,4.437820409166513,2020
91,Corporate Law,23,won,4.371206133089749,7.8299996512640195,2021
91,Corporate Law,21,lost,2.5053260043425647,4.930994523909877,2022
91,Corporate Law,19,won,3.0305296792920595,2.98116319777774,2021
91,Corporate Law,20,won,3.3422049568268037,8.859289210225054,2020
91,Corporate Law,22,won,4.300184902279863,6.882908287650584,2022
91,Corporate Law,13,won,3.4958648996116146,9.35012331437784,2022
91,Corporate Law,12,won,3.2734708054584702,7.876331408507246,2020
92,Criminal Law,4,lost,3.620606598246665,2.215343230124927,2023
92,Criminal Law,1,lost,3.9559868474764692,9.948591871849532,2020
92,Criminal Law,1,won,3.6322097758817913,4.820435494088816,2022
92,Criminal Law,16,won,4.944459418432715,2.3802834467417107,2022
92,Criminal Law,17,lost,3.1923653388047537,9.24348703558647,2020
92,Criminal Law,19,lost,3.303359589756854,7.413412665685539,2021
92,Criminal Law,12,won,3.5044048043186615,9.603269199658397,2021
92,Criminal Law,15,won,4.692387732308747,5.070911298708665,2021
92,Criminal Law,5,lost,2.852812112983946,5.836752447398263,2023
92,Criminal Law,4,won,3.783351193071098,6.597229791554904,2020
92,Criminal Law,21,lost,2.7800321214951214,4.659452677414861,2020
92,Criminal Law,15,won,3.353286059740939,3.568252473980692,2020
92,Criminal Law,12,won,4.323386603383007,8.35261918654836,2021
92,Criminal Law,11,lost,3.189665427775008,4.017961067130419,2023
92,Criminal Law,14,lost,3.6914171634334543,2.0396611009628396,2023
92,Criminal Law,13,lost,2.714939291003483,1.5930461639072768,2022
92,Criminal Law,12,won,4.126025886343326,4.2095961894344684,2023
92,Criminal Law,9,lost,2.3410607787875506,9.076771450703562,2020
92,Criminal Law,20,won,3.9705614342203965,5.8783001058748185,2021
92,Criminal Law,5,won,3.8963217467380042,3.469713684721136,2023
92,Criminal Law,4,won,3.3973013053622783,3.5263876821813462,2021
92,Criminal Law,11,won,3.657603609156907,6.933953151856013,2020
92,Criminal Law,18,won,4.536842142234484,8.965137920925327,2023
93,Property Law,23,lost,3.7471506115194684,7.8651914758822485,2020
93,Property Law,3,won,4.694710107818734,1.0858505862299044,2023
93,Property Law,13,won,4.480626061687903,5.885572369006672,2020
93,Property Law,17,won,4.041041067283029,6.898448795171079,2021
93,Property Law,23,won,4.646537306229544,8.91457293975296,2020
93,Property Law,15,won,3.1590394265929973,5.392344018535749,2021
93,Property Law,15,lost,2.6586106257291986,4.811865195173573,2021
93,Property Law,14,won,4.900759502964187,9.62494917833248,2022
93,Property Law,14,won,3.3222000465128447,9.964115050440235,2022
93,Property Law,3,won,4.696835452861022,1.183614496193857,2021
93,Property Law,7,lost,2.86098716686302,5.205172099679534,2021
93,Property Law,1,won,4.085095724601292,9.805999529382126,2022
93,Property Law,3,lost,3.8940805562887184,5.543873335857763,2022
93,Property Law,13,won,3.836261365941862,5.919630813489215,2020
93,Property Law,2,won,3.612001947166335,9.344858183117479,2020
93,Property Law,12,lost,3.3023539214872364,7.911700820288247,2021
93,Property Law,14,won,3.2241970207015176,4.966892212928872,2023
93,Property Law,23,won,3.789601536925906,9.579918383984246,2021
93,Property Law,6,won,3.0163966422619244,9.08933837325712,2022
93,Property Law,10,won,3.0261530683492297,2.545307528952781,2022
93,Property Law,14,won,3.1272179923530015,2.9897098632409773,2022
93,Property Law,2,won,3.0685222455870087,2.5333052570337804,2022
93,Property Law,17,won,4.067450827342888,2.294510238912798,2023
93,Property Law,11,lost,2.352388812328495,6.455949779986894,2021
93,Property Law,19,won,3.631307253964648,1.7824560462302874,2020
93,Property Law,1,won,3.8560387048792877,6.924554050835416,2023
94,Personal Injury,10,won,3.011848130908005,4.3858127196567835,2022
94,Personal Injury,20,won,3.8313585903257374,5.135461973779691,2020
94,Personal Injury,6,lost,2.4745087273142747,3.3637025112946626,2020
94,Personal Injury,15,lost,3.348116905507392,2.9317416661398576,2020
94,Personal Injury,2,won,4.328251478566701,4.83932710948954,2021
94,Personal Injury,7,lost,3.0508639966192845,7.22354991232235,2020
94,Personal Injury,4,lost,2.6265014809776437,7.7829952411862315,2022
94,Personal Injury,12,won,4.664382304615115,6.610513483243428,2020
94,Personal Injury,11,won,3.3521785758877076,7.68999622209091,2023
94,Personal Injury,20,won,3.771718893672218,9.838696407720677,2023
94,Personal Injury,11,won,3.179651505144168,6.316783492177583,2023
95,Tax Law,15,won,3.1078651656817424,5.64891859350336,2023
95,Tax Law,4,won,3.207678772221855,2.1121524153954145,2022
95,Tax Law,12,lost,2.3929653048058372,3.262871369687171,2021
95,Tax Law,22,lost,3.7092349263036706,3.0744535361636878,2023
95,Tax Law,22,lost,2.9837519189216475,1.1764947922682825,2020
95,Tax Law,20,lost,2.3287853686568285,8.236983214550186,2020
95,Tax Law,21,won,3.797118448288255,2.531373770300652,2020
95,Tax Law,22,lost,2.0741039873869855,5.817274611663782,2021
95,Tax Law,5,won,3.461277280428528,7.955865427436677,2023
95,Tax Law,20,won,3.6390429036149516,2.471995345724363,2020
95,Tax Law,8,won,3.0322164370986737,2.0534056543569355,2022
95,Tax Law,5,won,4.929245711234036,5.583002844943702,2021
96,Personal Injury,2,won,4.000667311352045,5.352481060764997,2021
96,Personal Injury,19,won,3.985348660622006,4.05094573145416,2022
96,Personal Injury,14,lost,3.5056340521776193,3.537994174164745,2021
96,Personal Injury,8,lost,2.3106866050200336,6.999520479348565,2022
96,Personal Injury,14,won,3.692532101575861,6.891590741639166,2023
96,Personal Injury,15,won,3.7144839363402724,6.193480075421898,2022
96,Personal Injury,22,won,3.6029768307087187,9.712188651048656,2022
96,Personal Injury,10,lost,2.8333896793469338,4.468789897568907,2020
96,Personal Injury,1,won,4.166844030366003,1.5540100983999934,2023
96,Personal Injury,18,lost,3.8871304343139537,1.3769235445489796,2022
96,Personal Injury,8,won,4.840393972148548,1.4424267125928483,2023
96,Personal Injury,4,won,3.483855456238473,8.886631136715437,2023
96,Personal Injury,5,won,4.866226442337306,6.91477895476056,2020
96,Personal Injury,10,lost,3.8402276266452575,5.232666004224173,2022
96,Personal Injury,12,won,3.881530495350738,9.951032265487658,2020
96,Personal Injury,14,won,4.244058958504018,5.551680685198999,2021
96,Personal Injury,14,lost,3.2312487933662535,1.114808317366875,2021
96,Personal Injury,8,lost,3.131114966452774,6.841725418169959,2022
96,Personal Injury,13,lost,2.4485167663024634,1.8859123814049077,2022
96,Personal Injury,11,lost,2.1897684602951495,3.997068697470198,2022
96,Personal Injury,14,won,4.170243321854249,4.986226882377672,2020
96,Personal Injury,15,lost,3.620865827146341,7.207313813756818,2021
96,Personal Injury,15,won,3.7986522927830206,2.662425186128949,2021
96,Personal Injury,12,lost,2.019400709846084,2.260403309208061,2020
96,Personal Injury,1,won,3.150187291610628,9.490215688388934,2020
96,Personal Injury,4,won,4.510874545031163,6.460476218040088,2022
96,Personal Injury,8,lost,2.223164626266483,2.32971691994165,2021
96,Personal Injury,8,lost,2.0556995551655115,8.245133921062632,2023
96,Personal Injury,17,won,4.028161391238546,8.46263601954926,2020
97,Intellectual Property,16,won,4.72420814690296,8.552731085843845,2020
97,Intellectual Property,6,lost,3.442978346263345,1.0533539380319032,2021
97,Intellectual Property,23,won,3.7137997743495097,1.9746042083462514,2020
97,Intellectual Property,2,won,3.214602420741345,2.8544370419160097,2021
97,Intellectual Property,8,won,3.1257852449049737,7.179278519029896,2020
97,Intellectual Property,15,won,4.928766837568075,2.030907696278341,2021
97,Intellectual Property,8,lost,2.532316772102353,2.936085373414368,2020
97,Intellectual Property,20,lost,2.5560974966666787,4.587093654400485,2022
97,Intellectual Property,7,won,4.546948035645536,8.87608893144245,2021
97,Intellectual Property,5,won,3.428510868686369,4.067947139431213,2021
97,Intellectual Property,9,won,4.3091323824471965,9.586845234120705,2020
97,Intellectual Property,21,won,4.063201498035787,2.6810272644613358,2021
97,Intellectual Property,17,won,4.356838503427425,6.469382006487345,2021
97,Intellectual Property,20,won,3.3364616864073664,7.244608476450397,2023
97,Intellectual Property,7,won,3.7450549056055897,3.361670403136705,2020
97,Intellectual Property,16,won,3.9112327479336813,6.507136762905917,2023
97,Intellectual Property,14,won,4.671443193295742,7.194099496020845,2020
97,Intellectual Property,1,won,4.284639301951488,7.118298024411972,2023
97,Intellectual Property,16,won,3.1931773649890642,9.56588964528094,2020
97,Intellectual Property,13,lost,3.12562522190726,1.4259207712277921,2021
97,Intellectual Property,17,won,3.872096595945176,6.670311197881944,2020
97,Intellectual Property,20,won,3.3231959119160424,2.065186911939288,2020
98,Tax Law,17,lost,2.1677959212578184,1.4704873504498515,2020
98,Tax Law,6,won,3.2075494172694814,8.316355648545434,2021
98,Tax Law,10,won,3.545115497630801,8.843911126373138,2022
98,Tax Law,19,won,4.035277871378869,4.437622171407419,2023
98,Tax Law,7,lost,2.250156453632651,1.3734937394714033,2023
98,Tax Law,22,lost,3.1207039480399237,1.1956495425733662,2021
98,Tax Law,16,lost,3.154244539828884,7.321757753353282,2023
98,Tax Law,8,won,3.859474017859557,4.8234766297898,2023
98,Tax Law,3,won,3.979656121093445,5.656893038316668,2023
98,Tax Law,2,lost,3.8551226976380844,3.7695177042793384,2022
98,Tax Law,14,won,4.994340502851449,3.6334800463568095,2020
98,Tax Law,6,lost,3.4222590360061798,3.6607449860167254,2022
98,Tax Law,21,lost,3.623626213891557,7.676494423557937,2023
98,Tax Law,7,won,4.649362478455873,3.485067691991123,2023
98,Tax Law,9,won,4.715320794084513,3.396101450660213,2020
99,Intellectual Property,19,won,3.739997771919955,7.667018804446052,2023
99,Intellectual Property,15,won,4.445223449668899,2.8405390482351622,2022
99,Intellectual Property,13,lost,2.6615859828553114,7.79446180142496,2021
99,Intellectual Property,13,lost,3.708032667337573,8.222138338036334,2022
99,Intellectual Property,18,won,3.204149849532196,6.412696498032502,2023
99,Intellectual Property,20,won,3.5778740333151653,1.7762425417356842,2022
99,Intellectual Property,2,won,4.1528111029072665,8.128028135171764,2022
99,Intellectual Property,23,won,3.2708376996356563,3.621643724849547,2020
99,Intellectual Property,6,lost,2.4452984704535705,7.456631998646893,2022
99,Intellectual Property,12,lost,3.0800583845213754,5.149302112880308,2020
99,Intellectual Property,12,won,4.971983144341319,9.439881033864019,2023
99,Intellectual Property,17,won,4.760495988951128,9.648137387160634,2021
99,Intellectual Property,10,lost,3.1699854672116436,7.2033547191935945,2022
99,Intellectual Property,17,lost,3.07024101534681,7.206472171003671,2021
100,Employment Law,1,won,4.591826284840312,5.275710820452194,2023
100,Employment Law,18,won,4.877520254327518,5.805355964491909,2021
100,Employment Law,18,lost,2.3405382742571885,6.696404924239403,2023
100,Employment Law,9,won,3.1259428174674007,8.50721714569346,2022
100,Employment Law,12,won,4.268658714514759,8.364836904888445,2023
100,Employment Law,11,won,4.312222300956334,2.89415572914891,2020
100,Employment Law,5,won,4.113850204780413,1.9740398208899375,2021
100,Employment Law,8,lost,2.4379402542116027,5.468948322416481,2021
100,Employment Law,11,lost,2.6970182995641707,2.1886012969213673,2023
100,Employment Law,5,won,3.0605864529592512,7.935782743132858,2020
100,Employment Law,3,won,4.092099863765532,6.312818550925616,2023
100,Employment Law,16,won,3.0955994193154988,2.723440689377221,2020
100,Employment Law,17,won,4.3438877716973,5.1353497094514875,2023
100,Employment Law,5,won,3.621660202054989,9.858166451214842,2023
100,Employment Law,4,lost,3.1091937710919795,8.588601285875564,2020
100,Employment Law,12,lost,3.075544982551287,2.3773833744743915,2021
100,Employment Law,15,won,3.885874243468872,6.393642096794308,2023
100,Employment Law,17,won,3.1521694535310143,5.5100773074281335,2021
100,Employment Law,3,lost,3.1660372948882727,9.180259697093085,2020
100,Employment Law,3,lost,3.2627548727908584,6.368644006287678,2021
100,Employment Law,19,won,3.493926448323642,8.108971641566585,2023
100,Employment Law,3,won,3.7850523968356544,3.622459474186589,2023
100,Employment Law,19,lost,3.0028948396833455,5.687458574866675,2023
100,Employment Law,9,won,3.240680880486104,1.8868354045096662,2023
100,Employment Law,16,lost,2.111345629907951,8.177656660262974,2023
100,Employment Law,11,won,3.677286542895726,2.138322310221785,2023
100,Employment Law,13,won,4.682089965025121,5.621481652076715,2023
100,Employment Law,18,won,3.8959503842770533,2.699824445339938,2020
100,Employment Law,8,won,3.8036793713798414,7.452777461981935,2022
